path,id,receipt
.DS_Store,XgxN5Gth__7zqlDPuR5cJJ2-mlJDn7vYSgf7OmSrN8s,"{""id"":""XgxN5Gth__7zqlDPuR5cJJ2-mlJDn7vYSgf7OmSrN8s"",""deadlineHeight"":1379451,""public"":""wZgP9Rpfh0nXb5EdzBUg7y2LFMkBp2ADX3gdZhLXHYbz4srlYD6FUGn6Tt-WsSYj8faUyA7bNKj9zzcXiN-bsMC73e0yoQ05A_5I2QnBAgCTuzXePvUVCvSCOg1vdh07hSjvSBd1XiWDHw2J-Z7m6lG3l56PDSCp8t-s0PduONcsjqOePFejzkaJymJxMYp7d0g0GL1i1MrBAbf5ohIobyTYQz7bRHLLUpdSgiCiHbSBp092cIQnHYXGBeWb-lBEtMT9Am5GsHeVXq4eL8H83NBPIN4fIOtwpl7zzBUeaD5lTc3UcXliMjFuFJurVmNhqsP_osJMceybk3VIjdP0biqLqt_nRupdPwwJGQ09iyGv0wfzMBlx7zTZ9pp77ZBX3cDnYmWt2IR-mIgOStfiEHu5BuwNGBvGt7-tzHJp9e6IOofN10apfiuF9iQEQ3gFVQDZ7owQ_IrCq5yWLP7ePwYoB2e7ZbvCkd4JM8oOgEMZkywTOx3gLASGKS7wqUerdlYacWRukqg5MmkQRbzJIiY23pPwrhQSWon5q91jbImO6vTaHVDZnd2GoMFlePAsceNO1MaLS6GMuY-EAwOtaX-R1QZUpJmCzWfV-77AmBmaPDCR0mm3f7jy-3yYSCMAkti4idHVq5dIhOJnibd_LEfQtkTAQ5MQlE4uoa5lkJs"",""signature"":""bnbcak-86maZkvwezH9rop5VoS0iEm_BpJBStbnyieNIITc0XncRE5Klpwc0VYO2eeFUJNToJhnIUOK8Y45Vjp20gDNAeCpdsg-JSKGsznmH7MaYEEViJsN42mnIxFJI_MVNeXrwYjbLEPAIilbWFJnm6N3dN3RzXHJpNK0H3Ejhz39yml8-TNWWjXjQ6kCk-LS3-fAt-PKYs58ROOIeIEzMIlDjAky982Io1jR-b6mAiJY7PltZb9hkUz9seDLCfhl6oO0zluttXNhKqu880JLxeiOfAJYXxId9DDn9il043XN0bJsQeCOUnLrKa-xUGtubk3XtAZdQMvhdNdl0apgUX4mLq2lWnZ5epvFqyIiaPDa0FGwTxhOd7JZvvNSAjJugxQW-E_ffHbUvIzu-byK9lU7WLQVAK43lQS0xALVR8DdYSqXcKgv8gHGTl5Tdu03QrTD2_aVAGqel9K6m-Y6glXPaoK0V3vTryQxy-ANrfjfr7dUyWZozotv0RrpCze_EqGSBVEumyb9xuc7-cxTVaRGj8QHimpSNUW8t_xG0UiV9jmUnk4JEmazz3imHkxMQEB2g0Zq4A5I9Z4JxtUV6cLxD2ahzfmfzhCz7BC7USDN_MlRpgN9wGl6gzCnmR2N5p6AcGCHD2DyY5g_BNZlZCQgYJ6pezQhZAgjYczc"",""timestamp"":1709896559396,""version"":""0.2.0""}"
fair-protocol-logo.svg,HewuwmnGimMB3GQMrFY6JMUzfhv9vtRHMXf8beTsk7s,"{""id"":""HewuwmnGimMB3GQMrFY6JMUzfhv9vtRHMXf8beTsk7s"",""deadlineHeight"":1379451,""public"":""wZgP9Rpfh0nXb5EdzBUg7y2LFMkBp2ADX3gdZhLXHYbz4srlYD6FUGn6Tt-WsSYj8faUyA7bNKj9zzcXiN-bsMC73e0yoQ05A_5I2QnBAgCTuzXePvUVCvSCOg1vdh07hSjvSBd1XiWDHw2J-Z7m6lG3l56PDSCp8t-s0PduONcsjqOePFejzkaJymJxMYp7d0g0GL1i1MrBAbf5ohIobyTYQz7bRHLLUpdSgiCiHbSBp092cIQnHYXGBeWb-lBEtMT9Am5GsHeVXq4eL8H83NBPIN4fIOtwpl7zzBUeaD5lTc3UcXliMjFuFJurVmNhqsP_osJMceybk3VIjdP0biqLqt_nRupdPwwJGQ09iyGv0wfzMBlx7zTZ9pp77ZBX3cDnYmWt2IR-mIgOStfiEHu5BuwNGBvGt7-tzHJp9e6IOofN10apfiuF9iQEQ3gFVQDZ7owQ_IrCq5yWLP7ePwYoB2e7ZbvCkd4JM8oOgEMZkywTOx3gLASGKS7wqUerdlYacWRukqg5MmkQRbzJIiY23pPwrhQSWon5q91jbImO6vTaHVDZnd2GoMFlePAsceNO1MaLS6GMuY-EAwOtaX-R1QZUpJmCzWfV-77AmBmaPDCR0mm3f7jy-3yYSCMAkti4idHVq5dIhOJnibd_LEfQtkTAQ5MQlE4uoa5lkJs"",""signature"":""HCdmeglbOV-8iitdV_PoKJOgxqR1W7wXrohfnVyj5jvyVc45Tn_lWEoA24Es2eo74TSWQzp4iEWXxHwO5_YgDubmlHyYgJQ9ZLXOgy6for7dsg9llBF8rD6_ixzbxPvreuHHLn-d6qDGzIxQHwdoD_6w2Muer_G5TlUTJH_2z7KiM0JNK_qRTr7fqi7rWFywU9zFRAjDgWpiCoQ9spM-yPY45Kb-pOjUsCnePWSapFdcpm5vyKxJqnGZb2lsCzxUNyiurezWatg2jYa5si5rxWuRoFDOgvaA88clXpy75qf2q0x5gxA_CJ0jR4Vkdzf9586ZlWGsUeTNuB9vVXwrjo1Km-ksPtTVrGNJLgOoYSKEFqu3eRviPbHhWLQVPfpsc35mek_lKytMfBSzwqAKWZci9ToH3ZdbS-ZltlCiO9gsBz99c8E6dkBtd2hKTP_f30kS7K3j_YELCeu1DWCNTsDpTk_gcK9aaIWngPHYfk6UdwsXVLpvxNsEnKrzYduPmx1ua8ji90f_ghF7zo_mp13ckGU50XmvCn9kiYpq1gdF70Rhl-fVbBftAZetfYQ8lPo_AdfITPFVjYO11tWgyW1q9GjrnsUh9Od3E9Eso8xF9LMlfDGwk5Y-GphFkds7F_FoNKh0b_uQc1PgMjOj1NaTH5GJylUH3XFFG53qjf0"",""timestamp"":1709896559496,""version"":""0.2.0""}"
index.html,4vb3lG0kI6FxfoED_Kbzze9z6KdGNw69a74fXiaDu6Q,"{""id"":""4vb3lG0kI6FxfoED_Kbzze9z6KdGNw69a74fXiaDu6Q"",""deadlineHeight"":1379451,""public"":""wZgP9Rpfh0nXb5EdzBUg7y2LFMkBp2ADX3gdZhLXHYbz4srlYD6FUGn6Tt-WsSYj8faUyA7bNKj9zzcXiN-bsMC73e0yoQ05A_5I2QnBAgCTuzXePvUVCvSCOg1vdh07hSjvSBd1XiWDHw2J-Z7m6lG3l56PDSCp8t-s0PduONcsjqOePFejzkaJymJxMYp7d0g0GL1i1MrBAbf5ohIobyTYQz7bRHLLUpdSgiCiHbSBp092cIQnHYXGBeWb-lBEtMT9Am5GsHeVXq4eL8H83NBPIN4fIOtwpl7zzBUeaD5lTc3UcXliMjFuFJurVmNhqsP_osJMceybk3VIjdP0biqLqt_nRupdPwwJGQ09iyGv0wfzMBlx7zTZ9pp77ZBX3cDnYmWt2IR-mIgOStfiEHu5BuwNGBvGt7-tzHJp9e6IOofN10apfiuF9iQEQ3gFVQDZ7owQ_IrCq5yWLP7ePwYoB2e7ZbvCkd4JM8oOgEMZkywTOx3gLASGKS7wqUerdlYacWRukqg5MmkQRbzJIiY23pPwrhQSWon5q91jbImO6vTaHVDZnd2GoMFlePAsceNO1MaLS6GMuY-EAwOtaX-R1QZUpJmCzWfV-77AmBmaPDCR0mm3f7jy-3yYSCMAkti4idHVq5dIhOJnibd_LEfQtkTAQ5MQlE4uoa5lkJs"",""signature"":""ubwwqfUYFPLGQHdAKdwBHNpU_x4tJGYwykSIphxng_mnnfHxdWERCnHyEqJXno66HOVouDpKWi1rKzdiIBC3MngRNVLEU7g74LPzKuLJJUbAaR9XFiUBPA4Mkuf1Udi-IAqaN6HyhdzAtznNo8lR-OxaNJmpVXsc2kYphr4jiD2lSP8GjpnwLT7fgMtRWJeYMRxb2tSpCI3UY97yf0aXEyIWdMBlHQ3EyWMDPoUlPq5WKNT14yB8gTkk0POuJHThIF-N6E1v3S-y0QA6GtaIbpCD9oZESpRNW_gfZrmxWsUjPzxzlxe797SmxiiukaTx4pLNWdvoPgkBUFwftBtUIqbBkjSBgh8macQoL0-gWGPYhWGk2c3KlkpHvQg7_GgYRlRYDStDFdykmquHqn7X4WSw-vl2IckgXiFMXo0mo-T5mnwD1aAw95UaIwSP3nrBKAFnqByy28uh3LUkZvJcM8mWe7tRvJ0I_058XMzraxfng_Nshqw9l2-9AqI5FIacUkTgFI2e0EgRh4hVNCYSeWIVWpLy1SRGCdo9IKjDV9Ws4r42TaRZdsGtSPCy7jzuF7aCdf3uBbM_O5MwBmSDoQQTLF5vY0c2UfVasAKY1WNcVRn8WGpocbrSA7Dilzj45hQGvWb2tuH90BQp8idF81FrRlR5FRQcR4-HCGBGMeY"",""timestamp"":1709896559530,""version"":""0.2.0""}"
images/what.jpg,qCReQ5ffVOVUYYgQZ_yHe1C2KpvdugOpFz-t0FtYMn0,"{""id"":""qCReQ5ffVOVUYYgQZ_yHe1C2KpvdugOpFz-t0FtYMn0"",""deadlineHeight"":1379451,""public"":""wZgP9Rpfh0nXb5EdzBUg7y2LFMkBp2ADX3gdZhLXHYbz4srlYD6FUGn6Tt-WsSYj8faUyA7bNKj9zzcXiN-bsMC73e0yoQ05A_5I2QnBAgCTuzXePvUVCvSCOg1vdh07hSjvSBd1XiWDHw2J-Z7m6lG3l56PDSCp8t-s0PduONcsjqOePFejzkaJymJxMYp7d0g0GL1i1MrBAbf5ohIobyTYQz7bRHLLUpdSgiCiHbSBp092cIQnHYXGBeWb-lBEtMT9Am5GsHeVXq4eL8H83NBPIN4fIOtwpl7zzBUeaD5lTc3UcXliMjFuFJurVmNhqsP_osJMceybk3VIjdP0biqLqt_nRupdPwwJGQ09iyGv0wfzMBlx7zTZ9pp77ZBX3cDnYmWt2IR-mIgOStfiEHu5BuwNGBvGt7-tzHJp9e6IOofN10apfiuF9iQEQ3gFVQDZ7owQ_IrCq5yWLP7ePwYoB2e7ZbvCkd4JM8oOgEMZkywTOx3gLASGKS7wqUerdlYacWRukqg5MmkQRbzJIiY23pPwrhQSWon5q91jbImO6vTaHVDZnd2GoMFlePAsceNO1MaLS6GMuY-EAwOtaX-R1QZUpJmCzWfV-77AmBmaPDCR0mm3f7jy-3yYSCMAkti4idHVq5dIhOJnibd_LEfQtkTAQ5MQlE4uoa5lkJs"",""signature"":""S4bKzZgREIlqIk8kARqgB3_ItOgV_WTEC04azUKtm-lZvB5TVMLtj1brTLGK0U2YpnYsIVdCar1Vw10NrNOx7v6qMmmSfSzQys8vDv0x74ro33TwZqe3OiDkMuj8xhDUNJoM-fJM7mJmniY0Zl1zByN9LTWYa0206Ul2tkajkp6lLRm1Vm0JUUsNdjUgpB0tnog3E6Yjho9lJftEEhcZQTgath4khMJ4hH04wZg0LJ-w8hNJNeo-2YxZGZMs0IcBg1SK--6jvAGaQD1V6nH8gJB9tZ4BwFVY7-w0aVoZzNY7v2oS1aOhbyAuJyijmrzeDGbe-dSfmZXb4pSVvt6_m60KMIuRoJkWE-YE1Ma6f-FYTV0tyb1rtqf0wC9xVF6qXINrdt2Q2uOXANRyun1S3CB7mzT0JfpecRv7V2p_IcLE2U-rx_AsBZthpu2gZ4vuRY8nEQaz5ji6-iGs9xcquzMTER5M4-xyFLmCbeEG6f5NDtWM43IRsjxVIDVzeLXdi8VEzmOyE6EfW4knxpye2mpWFls0PyR8-_jnd3O4FuaBawniP_alol07TcEqGgzt2IwzgEYNIDxMDFWgaH6to7kUFG_qANzyjJQZjF8Xq0JZLeQOsPTekqOJCevYIy9kKxvXMiUnyD7kBQL6E9s9VMvzY-qCkxDNN6QVxSEPzHs"",""timestamp"":1709896559554,""version"":""0.2.0""}"
turn-off.svg,g4mm2C1TShDxtBGUYxrSh19MszFNZ3Jhtlc3gE2Z-SM,"{""id"":""g4mm2C1TShDxtBGUYxrSh19MszFNZ3Jhtlc3gE2Z-SM"",""deadlineHeight"":1379451,""public"":""wZgP9Rpfh0nXb5EdzBUg7y2LFMkBp2ADX3gdZhLXHYbz4srlYD6FUGn6Tt-WsSYj8faUyA7bNKj9zzcXiN-bsMC73e0yoQ05A_5I2QnBAgCTuzXePvUVCvSCOg1vdh07hSjvSBd1XiWDHw2J-Z7m6lG3l56PDSCp8t-s0PduONcsjqOePFejzkaJymJxMYp7d0g0GL1i1MrBAbf5ohIobyTYQz7bRHLLUpdSgiCiHbSBp092cIQnHYXGBeWb-lBEtMT9Am5GsHeVXq4eL8H83NBPIN4fIOtwpl7zzBUeaD5lTc3UcXliMjFuFJurVmNhqsP_osJMceybk3VIjdP0biqLqt_nRupdPwwJGQ09iyGv0wfzMBlx7zTZ9pp77ZBX3cDnYmWt2IR-mIgOStfiEHu5BuwNGBvGt7-tzHJp9e6IOofN10apfiuF9iQEQ3gFVQDZ7owQ_IrCq5yWLP7ePwYoB2e7ZbvCkd4JM8oOgEMZkywTOx3gLASGKS7wqUerdlYacWRukqg5MmkQRbzJIiY23pPwrhQSWon5q91jbImO6vTaHVDZnd2GoMFlePAsceNO1MaLS6GMuY-EAwOtaX-R1QZUpJmCzWfV-77AmBmaPDCR0mm3f7jy-3yYSCMAkti4idHVq5dIhOJnibd_LEfQtkTAQ5MQlE4uoa5lkJs"",""signature"":""hdHbD23IJTyr-kWutuML8ADKQZxOWgwB_6SJIGOnFReOccuD8TqZ4IEFf0HZsir_5Wl96_TSVtDnN3zdUjbNTHc4WDdz9hWkhUwXtvKxUPiBdHhWaxdZklzXxHFeCcZwjr-aVHhcEVZ1s4aj2gMnsCKsZsm085DFdCnO2M614VJVcr92iynQh8hrvM7YUpmNdyYJD7IvcTRVcasV-vtWN1wJNhixBuuHKlaKknTJ9PjJGyjwbY4KQNwWglFqdArg8nA6Ag0Ic8Y2LQI5bnLrKXjBj-JwMc7P_6eUyfsEs2WoLUO8jtJqGevrRMIU-iy5z-wMBwoSn9EB3dmv-uK6NxUCOssmU0goVBKjxODKFlNdn9uasBOLjEvVCIXhIFb2-H-mCCyKNGJqfOYrawoGj76LTSVN19LGMKDYs-RKN2UxxPUlCrakA_CFRA5wv_OCvQ7hDAwKQlwRgipwKY7U6X4r1xc8b7gD6TwOw5KNBBJ9Sti24H03r_Z867UjQg2sy-u6Dyml3vXKMcBA6EvAsUkplLaVjyDlU7Y4Sr8KXcqrg--LdhoL3PBv9mn9-UzVIvYAcw_mi6mmtv8hoUpHDYawb5mX5r-YS96xOJsEDmoje6gE3_DdpE-W3QBdf3kqXysZJCx38Sm_ut11EPLNictHCihraldtkw2sqQx5Zxk"",""timestamp"":1709896559553,""version"":""0.2.0""}"
fair-protocol-face.svg,_e3taFaoUYCMiWHFla4UclXGyXNkxyqCpXtbux9IhlI,"{""id"":""_e3taFaoUYCMiWHFla4UclXGyXNkxyqCpXtbux9IhlI"",""deadlineHeight"":1379451,""public"":""wZgP9Rpfh0nXb5EdzBUg7y2LFMkBp2ADX3gdZhLXHYbz4srlYD6FUGn6Tt-WsSYj8faUyA7bNKj9zzcXiN-bsMC73e0yoQ05A_5I2QnBAgCTuzXePvUVCvSCOg1vdh07hSjvSBd1XiWDHw2J-Z7m6lG3l56PDSCp8t-s0PduONcsjqOePFejzkaJymJxMYp7d0g0GL1i1MrBAbf5ohIobyTYQz7bRHLLUpdSgiCiHbSBp092cIQnHYXGBeWb-lBEtMT9Am5GsHeVXq4eL8H83NBPIN4fIOtwpl7zzBUeaD5lTc3UcXliMjFuFJurVmNhqsP_osJMceybk3VIjdP0biqLqt_nRupdPwwJGQ09iyGv0wfzMBlx7zTZ9pp77ZBX3cDnYmWt2IR-mIgOStfiEHu5BuwNGBvGt7-tzHJp9e6IOofN10apfiuF9iQEQ3gFVQDZ7owQ_IrCq5yWLP7ePwYoB2e7ZbvCkd4JM8oOgEMZkywTOx3gLASGKS7wqUerdlYacWRukqg5MmkQRbzJIiY23pPwrhQSWon5q91jbImO6vTaHVDZnd2GoMFlePAsceNO1MaLS6GMuY-EAwOtaX-R1QZUpJmCzWfV-77AmBmaPDCR0mm3f7jy-3yYSCMAkti4idHVq5dIhOJnibd_LEfQtkTAQ5MQlE4uoa5lkJs"",""signature"":""qJ4Yy2uCswtSpQb-S8qJgGiLJ0sVttE7ri4Oz601SvS4FfGfzqn2sJGltY12ilWlk-9YgHgKKLhFo8K8ajRygfflhM7AZQPXvm6oX1cYlnj3eLVv4fK2jnZJ_0AsN5xuuavzdHXU0rv_UbN8h0Q7Z8tvkvN2WoQba_zGJzRqIq-zttiLQM3CfcRY6vdeKNzctHsglJzGJZ7nsY6x-xUD8qbyNIIFZOwUN5wlWRlKsmnScy2ckL6vhKBxgk7gMjNbsZB0PMDREkDkOdiAAvzGchOfQXc6VV5AvGHh5T_o-wSbbpyYy-fqb1HmQR5sThLWzEBpSDPQU44Xw2tFYh3ZbFWPMUYx7NtM3MnT4UgcpM_Breli7UOhwC7xP9qjI5xOSyaXVrCSF35QwtOIATQ4vEmBfZ_55IX5tu0wDaRu0HJyx4Y5-phz_TyYsMQb4ZzCYr1cN_hrBNPvynluxCjqZxc1dZdC03Ho3TIhUE5qYVlBYjT8oxGOCCGSniBMvpWLFzQ0J3J3d92LrylF-ionmAxwFrDsFWUvyj5tnaoImqp1hnlzRIC0kmYcOE_wyCnEm1ISg-1zoseLSaGT2-WgwR_7IEwUTBz7NuUe-LRVTgi1qwtG4lXvaM_PCX6Xpctn1fiNZ9Ehzcg9j_Qf1iKqVEIajSFCeNt69h_GVY5CBYQ"",""timestamp"":1709896559636,""version"":""0.2.0""}"
images/red.png,Scez-xa2j-Q68S6UhkfXPBZv1QQc8QNZ_lee5o5EEHo,"{""id"":""Scez-xa2j-Q68S6UhkfXPBZv1QQc8QNZ_lee5o5EEHo"",""deadlineHeight"":1379451,""public"":""wZgP9Rpfh0nXb5EdzBUg7y2LFMkBp2ADX3gdZhLXHYbz4srlYD6FUGn6Tt-WsSYj8faUyA7bNKj9zzcXiN-bsMC73e0yoQ05A_5I2QnBAgCTuzXePvUVCvSCOg1vdh07hSjvSBd1XiWDHw2J-Z7m6lG3l56PDSCp8t-s0PduONcsjqOePFejzkaJymJxMYp7d0g0GL1i1MrBAbf5ohIobyTYQz7bRHLLUpdSgiCiHbSBp092cIQnHYXGBeWb-lBEtMT9Am5GsHeVXq4eL8H83NBPIN4fIOtwpl7zzBUeaD5lTc3UcXliMjFuFJurVmNhqsP_osJMceybk3VIjdP0biqLqt_nRupdPwwJGQ09iyGv0wfzMBlx7zTZ9pp77ZBX3cDnYmWt2IR-mIgOStfiEHu5BuwNGBvGt7-tzHJp9e6IOofN10apfiuF9iQEQ3gFVQDZ7owQ_IrCq5yWLP7ePwYoB2e7ZbvCkd4JM8oOgEMZkywTOx3gLASGKS7wqUerdlYacWRukqg5MmkQRbzJIiY23pPwrhQSWon5q91jbImO6vTaHVDZnd2GoMFlePAsceNO1MaLS6GMuY-EAwOtaX-R1QZUpJmCzWfV-77AmBmaPDCR0mm3f7jy-3yYSCMAkti4idHVq5dIhOJnibd_LEfQtkTAQ5MQlE4uoa5lkJs"",""signature"":""IDnzbDMpTzewIm-PZCYOwG1ajRmFhnRttkPixoqJ3cXYB34NCTbDksLcf9i8ElyskCkd1aXXU0VWiasrceJkmTUtlLC3_HbVKTCly2mZ0RDizT6OLE4KovgcweaUv9ZC9S34bAEAohEbQ6lYsMIx0FTjMxstlHCyO5ub8ybR70xefPKeLpX6KI_Ka3_S-0hScOtlSM3qKoJf22XzZpwaiG3tgpa4s4hhKB_dluNHpkZ7OeDZYe7teu23WW65rSwpLXPhaWdL9cEXOSL82dnrIWhcrjsAUIsdYbc1n-0bYc0FM9GYeWnDPH0cmzuBSy2bAY83YRFhq940kL0b_JQ603qKq3bNXg7XYLVt4H_b47P1e8uqvUomEa5nXqLQ67AVvfDIaRqeP6jrkh_Upmam34WditO233hsA60os32EYRkJM8QqbxXz2GIUx1cxNvpDbphUkLR3e-M0H_4z8BVyDj0rEGp9A-oYg2vXYmxbI0qwM_6_EbWDMRm15_HaCU8SN2Tl0g5VLzYQ05oXGRC7N0Ol3oBJqIk8nA_c5pgmCFo7h92ec6IvZO5YzFniWup_FQntELCFZNzwGsauQOCeo2Q1ssTb5dh1NEW3GcpNj0828GH8vMUIbUsjqzeDRQI7z6OEQIAYFkxKiTKlMVDv0JMQAw8nrIa7IY56PpIVYlw"",""timestamp"":1709896559708,""version"":""0.2.0""}"
images/screen2.webp,VTdBM1rwLM6WN-hioMcycwdli1jd0LPtcBEskKn-udA,"{""id"":""VTdBM1rwLM6WN-hioMcycwdli1jd0LPtcBEskKn-udA"",""deadlineHeight"":1379451,""public"":""wZgP9Rpfh0nXb5EdzBUg7y2LFMkBp2ADX3gdZhLXHYbz4srlYD6FUGn6Tt-WsSYj8faUyA7bNKj9zzcXiN-bsMC73e0yoQ05A_5I2QnBAgCTuzXePvUVCvSCOg1vdh07hSjvSBd1XiWDHw2J-Z7m6lG3l56PDSCp8t-s0PduONcsjqOePFejzkaJymJxMYp7d0g0GL1i1MrBAbf5ohIobyTYQz7bRHLLUpdSgiCiHbSBp092cIQnHYXGBeWb-lBEtMT9Am5GsHeVXq4eL8H83NBPIN4fIOtwpl7zzBUeaD5lTc3UcXliMjFuFJurVmNhqsP_osJMceybk3VIjdP0biqLqt_nRupdPwwJGQ09iyGv0wfzMBlx7zTZ9pp77ZBX3cDnYmWt2IR-mIgOStfiEHu5BuwNGBvGt7-tzHJp9e6IOofN10apfiuF9iQEQ3gFVQDZ7owQ_IrCq5yWLP7ePwYoB2e7ZbvCkd4JM8oOgEMZkywTOx3gLASGKS7wqUerdlYacWRukqg5MmkQRbzJIiY23pPwrhQSWon5q91jbImO6vTaHVDZnd2GoMFlePAsceNO1MaLS6GMuY-EAwOtaX-R1QZUpJmCzWfV-77AmBmaPDCR0mm3f7jy-3yYSCMAkti4idHVq5dIhOJnibd_LEfQtkTAQ5MQlE4uoa5lkJs"",""signature"":""YvAoVS9Y_kTxyu2R8DBLQasFUID9enJqP9BIeh5fSfTPL1Lga5pYNPEyG-gRxxyiwG60Nvcy0Byx11CUv980HLh0UIwLf6NXYN0CrHdDkMkXMuC0MQn3hD0el0RWPvuYsfmMA1g86oWuQCVlh2cPfk4qM5pk9S54ZpHaQTkXN4w3Iy5b6FkJO2Xkwf0dFel3fP-QyrDLsnDAsUZ1PK9F7WFrQt1OTAcZQxetnHJdbYHNgkp_F-5JvntBs00ccGRrnQp8qEU-2l_FyDCV8wN2quwz3h1_QU1veCjgUE4SdRyQWvYv-YyTILaLGCuR3R1VV1dF-eCRutZ0U1JQ7ZB3ZAnW1NoMfXiTeGsKCASIVbtgd29gQW_rmKM0y0_fiCz9qDTimBb0SRVBz6cTSmH8NbKvNxulXLo5I_URyouaXo19ymMMOumYEjbHKPTE0x33z6ouvNxi7_xUO4oOC7QFLnmBp7mNLu-cRydm2gPYZnsKJpSzJFnrwHOHwRoT1IaeqXPQztIRHTIDwPSvFrMyOZXZmRpxCbxAzbPpHmt7rBco8xyZ7FvYFqzn_WhAjg74eytWOt-Jh7Lx859rEEM564WlsvG8rL3afjJsWjssCOWYATFT9VFzsHKKfobmC0JLJVq9nI1GSd9nFThuShIX-qF39FDMnIQbQmW2PQpvW_o"",""timestamp"":1709896559761,""version"":""0.2.0""}"
images/screenshot.webp,_cs-fvzBN57AKfMDWDKIG3GGHDx5vAm5Bmx6WSRlA9g,"{""id"":""_cs-fvzBN57AKfMDWDKIG3GGHDx5vAm5Bmx6WSRlA9g"",""deadlineHeight"":1379451,""public"":""wZgP9Rpfh0nXb5EdzBUg7y2LFMkBp2ADX3gdZhLXHYbz4srlYD6FUGn6Tt-WsSYj8faUyA7bNKj9zzcXiN-bsMC73e0yoQ05A_5I2QnBAgCTuzXePvUVCvSCOg1vdh07hSjvSBd1XiWDHw2J-Z7m6lG3l56PDSCp8t-s0PduONcsjqOePFejzkaJymJxMYp7d0g0GL1i1MrBAbf5ohIobyTYQz7bRHLLUpdSgiCiHbSBp092cIQnHYXGBeWb-lBEtMT9Am5GsHeVXq4eL8H83NBPIN4fIOtwpl7zzBUeaD5lTc3UcXliMjFuFJurVmNhqsP_osJMceybk3VIjdP0biqLqt_nRupdPwwJGQ09iyGv0wfzMBlx7zTZ9pp77ZBX3cDnYmWt2IR-mIgOStfiEHu5BuwNGBvGt7-tzHJp9e6IOofN10apfiuF9iQEQ3gFVQDZ7owQ_IrCq5yWLP7ePwYoB2e7ZbvCkd4JM8oOgEMZkywTOx3gLASGKS7wqUerdlYacWRukqg5MmkQRbzJIiY23pPwrhQSWon5q91jbImO6vTaHVDZnd2GoMFlePAsceNO1MaLS6GMuY-EAwOtaX-R1QZUpJmCzWfV-77AmBmaPDCR0mm3f7jy-3yYSCMAkti4idHVq5dIhOJnibd_LEfQtkTAQ5MQlE4uoa5lkJs"",""signature"":""V9REwlonMNfnYTZ5Gsm2oUX91Pde12cHMp1JgjJC6vnBZZ6_DrHh-gxEA25xfXvmwqhCDUW3xMAZPf5YIkLah5jbce0F97QBhgf18rN2Zq8y0bweNK59DVgbVobNZ7UQEZxvQgkLMW1lNTffQuWmZne3Z_IHI00EsCDXHL9ceLQXRMVXVGh30UtOcwj7tiykKFPPKoBMFkUQRQVk-3sj7yPJi6Ez6EQnkZFmJ9zQSFu5ChIdjBPQ9RzZuCh5iXpBpIqb2iOHicFSYeXsQ4FZZzlG6fBmz_hWPKjDejDQK7eTN6VIiPIO3jEQoqXOlCXeh_H9-hHLav5VsRu6vJNehMANhJiNMzTCo-Ws8Ep4nJox7tRo-IwI5MYtKALQ4X7ki2Btv4J4r3JGTpqdSg5gdE2TlrnGE0DUvRT8CIPX31SaPlZ8QSWhklvRFzOvm2kBs3vJM_KuzzDkALlIjU60vUoDfmLz8KQ4KO5Y-iqIwKGDtWC21QLqzPvPgXI_MSw_Grsani46q44Awu7JvU-WN7_q8Av8KCgnAiRq3z3YhtG0h4IeVsCeJYRWF9wZ-99ffIZ21zuURHrlVs2_pjJL6JJle013tze7H0o8AtzGNza7bWc1adtWoOEsYMSE-EPQ2MgZbQTTUkjxE8r62SaLrYyDPbelH92F4F7Q1cN2rFs"",""timestamp"":1709896559915,""version"":""0.2.0""}"
images/teams.jpg,MUk_oYt5np8V_cJoXrKfEq3pHV7_v5g4WQLTclNfbPg,"{""id"":""MUk_oYt5np8V_cJoXrKfEq3pHV7_v5g4WQLTclNfbPg"",""deadlineHeight"":1379451,""public"":""wZgP9Rpfh0nXb5EdzBUg7y2LFMkBp2ADX3gdZhLXHYbz4srlYD6FUGn6Tt-WsSYj8faUyA7bNKj9zzcXiN-bsMC73e0yoQ05A_5I2QnBAgCTuzXePvUVCvSCOg1vdh07hSjvSBd1XiWDHw2J-Z7m6lG3l56PDSCp8t-s0PduONcsjqOePFejzkaJymJxMYp7d0g0GL1i1MrBAbf5ohIobyTYQz7bRHLLUpdSgiCiHbSBp092cIQnHYXGBeWb-lBEtMT9Am5GsHeVXq4eL8H83NBPIN4fIOtwpl7zzBUeaD5lTc3UcXliMjFuFJurVmNhqsP_osJMceybk3VIjdP0biqLqt_nRupdPwwJGQ09iyGv0wfzMBlx7zTZ9pp77ZBX3cDnYmWt2IR-mIgOStfiEHu5BuwNGBvGt7-tzHJp9e6IOofN10apfiuF9iQEQ3gFVQDZ7owQ_IrCq5yWLP7ePwYoB2e7ZbvCkd4JM8oOgEMZkywTOx3gLASGKS7wqUerdlYacWRukqg5MmkQRbzJIiY23pPwrhQSWon5q91jbImO6vTaHVDZnd2GoMFlePAsceNO1MaLS6GMuY-EAwOtaX-R1QZUpJmCzWfV-77AmBmaPDCR0mm3f7jy-3yYSCMAkti4idHVq5dIhOJnibd_LEfQtkTAQ5MQlE4uoa5lkJs"",""signature"":""fl0InJVIsqlh5fZbNStsBPafqU59UPTVeQh6kt19TjNOfyM6ThtRh6OnS_JBnt_uov618lcviDvRML6Dcux8meLdrfZ4apeEfMdBtCe0klH9i_t9PgLOkqem8oHSy9dIHW0BGHIupXb_Nnxgt-7pXPeva7Mueo89spnP8EYilR6DU1Pxez0pGjJbSeIVmohTJon668zOksFf7AV_VDWmL8tPO5XtwwpADN54CDakJDEuHtGpKMeBEWplOLP_ZCvUlzzDnYfEsfA2UnB67F0KLAAckTVweZMkkR3vlM1r6r8NHU_gRdZxJ7k2LtC7nRibzaxX_eqERfIYNgzwyJrJ7kS79VjSMi4Vfn3HNxoJbxaCzKBCnVb6X3VFS2obQ9qEN7QypQOGXb9fvFOPAoNfmhnevIGBlgJb_Bs2awp5-9iYX_AMqgeFJc9NvFy927s2jkDV_bQ2TwemlPu6d-7bvri08ByyQ4Ox8H5sQRw2EeuhHmXLTa1jidHFRS3ehc09ZpUVtmY3IGfrRmuFwPAyLnVqwhfMhmLKnB7QUpqH4gWiEjgG6Uw3vKJdXna6rTipIgUR0YAJi8g26b9iYerwFiOZpsAik0loY3C2jw39u_KyPMdEDCqipPdhWdIQ_Uxso3JRyM6EbPHZolwMyJkIe5FvKkqopbElnSHD-apur88"",""timestamp"":1709896559975,""version"":""0.2.0""}"
images/cracul.png,BvW8UU7zWjxSxz1T8caQ17cU4bs3x-kFoct_Vve5aMQ,"{""id"":""BvW8UU7zWjxSxz1T8caQ17cU4bs3x-kFoct_Vve5aMQ"",""deadlineHeight"":1379451,""public"":""wZgP9Rpfh0nXb5EdzBUg7y2LFMkBp2ADX3gdZhLXHYbz4srlYD6FUGn6Tt-WsSYj8faUyA7bNKj9zzcXiN-bsMC73e0yoQ05A_5I2QnBAgCTuzXePvUVCvSCOg1vdh07hSjvSBd1XiWDHw2J-Z7m6lG3l56PDSCp8t-s0PduONcsjqOePFejzkaJymJxMYp7d0g0GL1i1MrBAbf5ohIobyTYQz7bRHLLUpdSgiCiHbSBp092cIQnHYXGBeWb-lBEtMT9Am5GsHeVXq4eL8H83NBPIN4fIOtwpl7zzBUeaD5lTc3UcXliMjFuFJurVmNhqsP_osJMceybk3VIjdP0biqLqt_nRupdPwwJGQ09iyGv0wfzMBlx7zTZ9pp77ZBX3cDnYmWt2IR-mIgOStfiEHu5BuwNGBvGt7-tzHJp9e6IOofN10apfiuF9iQEQ3gFVQDZ7owQ_IrCq5yWLP7ePwYoB2e7ZbvCkd4JM8oOgEMZkywTOx3gLASGKS7wqUerdlYacWRukqg5MmkQRbzJIiY23pPwrhQSWon5q91jbImO6vTaHVDZnd2GoMFlePAsceNO1MaLS6GMuY-EAwOtaX-R1QZUpJmCzWfV-77AmBmaPDCR0mm3f7jy-3yYSCMAkti4idHVq5dIhOJnibd_LEfQtkTAQ5MQlE4uoa5lkJs"",""signature"":""dKVv4RRXNnuq3dFUlY2eLUBB5CwK-17yHFGbZmVB3JezZBAOyvH10bgzgSKXNUM4y7ts1At6EmdPvyI7NGtaHlJvUZvfc8SLoORxeTbayzuCuVzEL9sT8Ms9Zq8Qe6qlmyWwlUfEqCG3rjcYX_o6fROEk-5y6PC0siNVtFlGn6RSsvAxmnBahkzNVg9j5XeRyjKyGpTqFNHCSrvo5QMZEBrjTvXhfj432ddTUPUOUfcKJJVacKX8x5T3dXM2kOpMmxVMa-B1t9f_ptvwTMiVqc6_NKi9_RhwPIFzhADeXYReerMyi6MMqzuSDbukIJAH6-FCBIJETB0IhNTVcGPCI_TFTVQJRaWkHZ7Nee3BF5bkE1CQ_mecukrXNzKMsxjRCZPW1NAskc79-lKFsKaIGQoKTpIpIINzmdsPt3w2zFPWBpi4ymtQN58T0LpzYdJLTCUcI3DMKkXzKtVyzLmN9Ativ_t8pRcWuQ7V2YYa0XHnZOTZcF400DRcQPPULjMXg50qPlbEuw3dg_tF26No_FbuChsZlGgOARrFiry3jYVyrzOZ2G4vxm5CfyMJt7-eBuyXnfmDHz5eM1zOXM9QLXv81F-xclazU_9_zmQOpuOgFJzdDbD-8ToPTc0OwQ4tLJL2PFMgJrbYbdOt1zpKG7juXXM-6nZu-8eRzavenO0"",""timestamp"":1709896560046,""version"":""0.2.0""}"
fair-protocol-outline.svg,r0O7hGgpIak4nPoTXXy5LFWgWXz1o-QLNXy7UdohiQw,"{""id"":""r0O7hGgpIak4nPoTXXy5LFWgWXz1o-QLNXy7UdohiQw"",""deadlineHeight"":1379451,""public"":""wZgP9Rpfh0nXb5EdzBUg7y2LFMkBp2ADX3gdZhLXHYbz4srlYD6FUGn6Tt-WsSYj8faUyA7bNKj9zzcXiN-bsMC73e0yoQ05A_5I2QnBAgCTuzXePvUVCvSCOg1vdh07hSjvSBd1XiWDHw2J-Z7m6lG3l56PDSCp8t-s0PduONcsjqOePFejzkaJymJxMYp7d0g0GL1i1MrBAbf5ohIobyTYQz7bRHLLUpdSgiCiHbSBp092cIQnHYXGBeWb-lBEtMT9Am5GsHeVXq4eL8H83NBPIN4fIOtwpl7zzBUeaD5lTc3UcXliMjFuFJurVmNhqsP_osJMceybk3VIjdP0biqLqt_nRupdPwwJGQ09iyGv0wfzMBlx7zTZ9pp77ZBX3cDnYmWt2IR-mIgOStfiEHu5BuwNGBvGt7-tzHJp9e6IOofN10apfiuF9iQEQ3gFVQDZ7owQ_IrCq5yWLP7ePwYoB2e7ZbvCkd4JM8oOgEMZkywTOx3gLASGKS7wqUerdlYacWRukqg5MmkQRbzJIiY23pPwrhQSWon5q91jbImO6vTaHVDZnd2GoMFlePAsceNO1MaLS6GMuY-EAwOtaX-R1QZUpJmCzWfV-77AmBmaPDCR0mm3f7jy-3yYSCMAkti4idHVq5dIhOJnibd_LEfQtkTAQ5MQlE4uoa5lkJs"",""signature"":""KTtyQlLNcO-7XOyqQj6QyYt6vlB6rJriS4ZTHXsQ0FgaMvhgyL9npgMhCEszykfgztYC4lXBTCj3tLvNvFwnOEdiraFSsDXEP7yum3QdXZUEaVjMySE4gXoRAWXDSPfL9NbtrNVi9GDaE_aHrMaOG7WSmI4YOHeYNHlhqJxygOoLP61bAiBEiX_zqXM638hJdBeC6uneOTSkQN729FL2iQSOO7fyQTeT9OpysHWVkIW4Gc4UGoK6VuIdBLZv2jvvX2vskK9Uujr57BxUIZHZEqtON885QTBpo1IrDOuazzBU9l6OH7ALE0_E08H9uulLpVvRYjQ66LJOQYMJaagB1luybwvjvdRorNT_mzsMuocmG0QC4Z0fXBxEdNWUbS9xQhcrdtHZ24jiiuEpIPFluZrgxl1uMX7rGXqX2FyPvb__XWAJ7QDs_-Fy0PcEr86BSeKIsQwmBepzUyGtqQ64WbJ8kvPj7EgNmu95QrOJ489BOTVmzFmRKfNkk9gctSA_wroY4JIwOGn7dbjHIjz7soU2stFa2pPIo0by-8DQMMYGUVJPSR8ewpUMrUa2bsC51Ec1mT9LTJScOxf2dGYLYY3MNeTtfrTczOUL9s1Eym4gLaVZzvwuAsyHv4-DPvFTJoir29-CBN3v_0RJVj2apnouONsS2lpub0CjUPQm_FA"",""timestamp"":1709896560080,""version"":""0.2.0""}"
images/animate.webp,lHsBfIgSRgSai1jHg5EdDtTb4c8SA22D9c1UNCEpx7o,"{""id"":""lHsBfIgSRgSai1jHg5EdDtTb4c8SA22D9c1UNCEpx7o"",""deadlineHeight"":1379451,""public"":""wZgP9Rpfh0nXb5EdzBUg7y2LFMkBp2ADX3gdZhLXHYbz4srlYD6FUGn6Tt-WsSYj8faUyA7bNKj9zzcXiN-bsMC73e0yoQ05A_5I2QnBAgCTuzXePvUVCvSCOg1vdh07hSjvSBd1XiWDHw2J-Z7m6lG3l56PDSCp8t-s0PduONcsjqOePFejzkaJymJxMYp7d0g0GL1i1MrBAbf5ohIobyTYQz7bRHLLUpdSgiCiHbSBp092cIQnHYXGBeWb-lBEtMT9Am5GsHeVXq4eL8H83NBPIN4fIOtwpl7zzBUeaD5lTc3UcXliMjFuFJurVmNhqsP_osJMceybk3VIjdP0biqLqt_nRupdPwwJGQ09iyGv0wfzMBlx7zTZ9pp77ZBX3cDnYmWt2IR-mIgOStfiEHu5BuwNGBvGt7-tzHJp9e6IOofN10apfiuF9iQEQ3gFVQDZ7owQ_IrCq5yWLP7ePwYoB2e7ZbvCkd4JM8oOgEMZkywTOx3gLASGKS7wqUerdlYacWRukqg5MmkQRbzJIiY23pPwrhQSWon5q91jbImO6vTaHVDZnd2GoMFlePAsceNO1MaLS6GMuY-EAwOtaX-R1QZUpJmCzWfV-77AmBmaPDCR0mm3f7jy-3yYSCMAkti4idHVq5dIhOJnibd_LEfQtkTAQ5MQlE4uoa5lkJs"",""signature"":""YhWlN6x_VHbIocYtzA8DgzByHZxeOjrct5wwSGqWofliDTM73sMs9pYXkPH_WhfMfQmDEXS2OBXfMUZucoCIpoxaEPvP5xQzNkinJ0ZdqOtNtVDdw4zeD1Kcgl1xSzFFyzZ122uOkkFVtxoWvXcLiGAwxiOYlfq7uO13MIzNTL_11p7cZUskpdPGvIxRqXlU4pZ0DWGdgNmYUPi3YZynvNSk5zvVTHfdAwu0sHClJWTm51GSj2bNyQV3izOq4ny73dD9mj0oPuJ1hmg8mE2xy2hRIlAZtNuhklKfZp76GKafYLZW-Xbx0Z2n7-16t4K4anfK5dAlh4GQcGJbwsMAHRwD3msMYNndB-2HE9dj2jhxWCW5i97oH_yJ3oG5Orlh0hJfMe7ik62ErOYSI4kJnaUq2cdk4D33GnWDT9mXVqNPmhn8M3upuWfyxBIW6fOv6uUmjULMgPvjYAtownqszcy4NSCKa9hAcTM04fbXD2RWXUmaUdl6GLv8o48iJ6CrVpXw7rohoa5eR0XIxUleVzdSK6XWyS0-NIuRPo48u2HYYQjhNRvWMA0SkGUNEKI-UhBc-y6YIZxTR4IWVA6-7EU1PCOBSsYA2_KlG_Syma20Hznfl94Cn3-95AZPANxWwEO07TIU4Qz5HKIIqMVEIwRPhknFHYvT-_87BhdEOuc"",""timestamp"":1709896560084,""version"":""0.2.0""}"
PrivacyPolicy.html,2WarACodHSRXvGpQgkZp-me7BH-huQ37VomoKaBe0k4,"{""id"":""2WarACodHSRXvGpQgkZp-me7BH-huQ37VomoKaBe0k4"",""deadlineHeight"":1379451,""public"":""wZgP9Rpfh0nXb5EdzBUg7y2LFMkBp2ADX3gdZhLXHYbz4srlYD6FUGn6Tt-WsSYj8faUyA7bNKj9zzcXiN-bsMC73e0yoQ05A_5I2QnBAgCTuzXePvUVCvSCOg1vdh07hSjvSBd1XiWDHw2J-Z7m6lG3l56PDSCp8t-s0PduONcsjqOePFejzkaJymJxMYp7d0g0GL1i1MrBAbf5ohIobyTYQz7bRHLLUpdSgiCiHbSBp092cIQnHYXGBeWb-lBEtMT9Am5GsHeVXq4eL8H83NBPIN4fIOtwpl7zzBUeaD5lTc3UcXliMjFuFJurVmNhqsP_osJMceybk3VIjdP0biqLqt_nRupdPwwJGQ09iyGv0wfzMBlx7zTZ9pp77ZBX3cDnYmWt2IR-mIgOStfiEHu5BuwNGBvGt7-tzHJp9e6IOofN10apfiuF9iQEQ3gFVQDZ7owQ_IrCq5yWLP7ePwYoB2e7ZbvCkd4JM8oOgEMZkywTOx3gLASGKS7wqUerdlYacWRukqg5MmkQRbzJIiY23pPwrhQSWon5q91jbImO6vTaHVDZnd2GoMFlePAsceNO1MaLS6GMuY-EAwOtaX-R1QZUpJmCzWfV-77AmBmaPDCR0mm3f7jy-3yYSCMAkti4idHVq5dIhOJnibd_LEfQtkTAQ5MQlE4uoa5lkJs"",""signature"":""UFoBpEsPd3ItrWm5969FuaGJ3aLu-k7DNXOHWqQlVyJpKdDoTcwuEBrBZvsQ6mgWS4Gs_dMdq-XtU9YTT2uPZBF0yR1GusAtbz8cOUs3NDZzg6_kUCoYuXRhWBk4sOEauMJxdFpATRakfFHSRpg0ydGzTU8HvcT4UYZvcGWr1T9-FlDehz_aG1sktbfGIgkz-O1wUAvuBFpy8bJ5zp21PgTrmwxS_RPt5xgL45g2kVz48MUeNE2Tcb9n7O-JAJKEmQna8Em_0heWThVytxwABUKa_-AVLbc-qwDnoqlEuUZyfAgKGykSq_9-pwaD-XpAuFHoEBoqlc4EW-UT5SAI2jfVkdfdCkBVK43b8Un1O-s9JcLfAnshwoH2VLcsV2YEv_QbM74w2tP7Fk3ofm3c32BDDC3x2nFpaAeTdcRAgJhA57DPd6xQbltYCAstEgbeHSosV_BNRHETMlmbyTjGtAVWbWe2Lg1A-EY-4NC5BuLkCgzw1eV4OW3luMI029hECWN3XLnEgPjkRShS2XO6-9nDbDEFez0BE9UQB4Rbc4FLYcZW_6MwoxTvqrjnX5SMrJf9V8Xwux638nkhU97O4KfzFH8W8hqPRgMo3pvhw6Uk3zt4DMTHwZs17ZE_b7HKIuqAqGW7vHKCm5AP66oJkeO9dSelv0JMHrczpt-E408"",""timestamp"":1709896560124,""version"":""0.2.0""}"
fair-protocol-christmas.svg,IjrEc169EUgNaxemUQTuNOk8OlJ-BHO3fsImE-7u4WA,"{""id"":""IjrEc169EUgNaxemUQTuNOk8OlJ-BHO3fsImE-7u4WA"",""deadlineHeight"":1379451,""public"":""wZgP9Rpfh0nXb5EdzBUg7y2LFMkBp2ADX3gdZhLXHYbz4srlYD6FUGn6Tt-WsSYj8faUyA7bNKj9zzcXiN-bsMC73e0yoQ05A_5I2QnBAgCTuzXePvUVCvSCOg1vdh07hSjvSBd1XiWDHw2J-Z7m6lG3l56PDSCp8t-s0PduONcsjqOePFejzkaJymJxMYp7d0g0GL1i1MrBAbf5ohIobyTYQz7bRHLLUpdSgiCiHbSBp092cIQnHYXGBeWb-lBEtMT9Am5GsHeVXq4eL8H83NBPIN4fIOtwpl7zzBUeaD5lTc3UcXliMjFuFJurVmNhqsP_osJMceybk3VIjdP0biqLqt_nRupdPwwJGQ09iyGv0wfzMBlx7zTZ9pp77ZBX3cDnYmWt2IR-mIgOStfiEHu5BuwNGBvGt7-tzHJp9e6IOofN10apfiuF9iQEQ3gFVQDZ7owQ_IrCq5yWLP7ePwYoB2e7ZbvCkd4JM8oOgEMZkywTOx3gLASGKS7wqUerdlYacWRukqg5MmkQRbzJIiY23pPwrhQSWon5q91jbImO6vTaHVDZnd2GoMFlePAsceNO1MaLS6GMuY-EAwOtaX-R1QZUpJmCzWfV-77AmBmaPDCR0mm3f7jy-3yYSCMAkti4idHVq5dIhOJnibd_LEfQtkTAQ5MQlE4uoa5lkJs"",""signature"":""G_dcZ1UeVJAMa8rFqyJdKD_nSKVFZ4vqC9puNWCMJXhrtL7Wa2hNAHi6WFd1RfugFUfa4zOuzhXxoeYhntLzfxef-293sG-TeBTS5m6b8GY-jXl9kxIIXroJ2Iuo4FH58ndlncX0at2d2SnJayXLTNKTq64AjiHcONwJznemxnHzPC_MlFXasz23UV878gVpw1I2UugdmNTcSbLx3hPtlm7HjOzeE-EgYX3UWNtlcTfAhYR5NdccMY4wfYPEEEAhmqqgm01LmPbJ5wuwhMQZKeBuQxw2Kuhb_GPwo1sBeLG6set0_PRVpa41z7eTtg2uRCurzjuby9s6wvBATisC4MLYKUoWEcZ9yTVH4SDz49E8zhDyS1Gyj0sYa77DKRBRDw9-CcpazPMavmhd1H0QmgCsPauMBTVyBFE7gPgy6_Fl9tmDbQEmW8hM3C7LARSfgfqT9oTHfSWIPNelMN7RT6TJAu0RFDjBH5El9o8cIAO-JhXUnIgafGwrJnglWrw_awvJYCpJTKaYMB_taN_lym7UJVoX2epCC33Tv9a8rPObB8Hv0LfYF4uydbbXb-ZlmEJfTYUzwlK1v1sEqY2I8Hi7t8U0X-v23OoEWaKQh8IBxlVXdAuydjNWU38Vyt8JZWEvgIowRb8RM4_DeVtdfiZ4Rq5yB-_Q8mybflzpTgk"",""timestamp"":1709896560104,""version"":""0.2.0""}"
images/permanews1.jpg,hnnCs5JwiWQrW7_OOOC9eMY3rfgrEAfWMsRFkxq50jU,"{""id"":""hnnCs5JwiWQrW7_OOOC9eMY3rfgrEAfWMsRFkxq50jU"",""deadlineHeight"":1379451,""public"":""wZgP9Rpfh0nXb5EdzBUg7y2LFMkBp2ADX3gdZhLXHYbz4srlYD6FUGn6Tt-WsSYj8faUyA7bNKj9zzcXiN-bsMC73e0yoQ05A_5I2QnBAgCTuzXePvUVCvSCOg1vdh07hSjvSBd1XiWDHw2J-Z7m6lG3l56PDSCp8t-s0PduONcsjqOePFejzkaJymJxMYp7d0g0GL1i1MrBAbf5ohIobyTYQz7bRHLLUpdSgiCiHbSBp092cIQnHYXGBeWb-lBEtMT9Am5GsHeVXq4eL8H83NBPIN4fIOtwpl7zzBUeaD5lTc3UcXliMjFuFJurVmNhqsP_osJMceybk3VIjdP0biqLqt_nRupdPwwJGQ09iyGv0wfzMBlx7zTZ9pp77ZBX3cDnYmWt2IR-mIgOStfiEHu5BuwNGBvGt7-tzHJp9e6IOofN10apfiuF9iQEQ3gFVQDZ7owQ_IrCq5yWLP7ePwYoB2e7ZbvCkd4JM8oOgEMZkywTOx3gLASGKS7wqUerdlYacWRukqg5MmkQRbzJIiY23pPwrhQSWon5q91jbImO6vTaHVDZnd2GoMFlePAsceNO1MaLS6GMuY-EAwOtaX-R1QZUpJmCzWfV-77AmBmaPDCR0mm3f7jy-3yYSCMAkti4idHVq5dIhOJnibd_LEfQtkTAQ5MQlE4uoa5lkJs"",""signature"":""WK1JwqA-l8-jdcxd184Xlb6f9au1u2aEot-OQ4_-mMNpzZUkIfYX2Abb98bKhdMHTvaFqmKW87kzgzGtuGBCIIDsvXX1Q_hv-EaTR2emwXxs5Bv3D0u8X01blARCmj-AEt2mQwCKoNzeUxq7DLmDPe6EYT38UDIdz9ZfmUe4Ja0P-pVZuA6RqyAN4hycPDVj2sl1sTc-bd7hcvwcJjVIt_1cMQMOjLpnnMSLVYlp-aVtI7btTA1bqV69YEVyKNM_dU2qglGPBdb5o1yj_9kC0uEJWCFAwE2t6PBB1f_X2jxRWAzNpbSjsu6LSqTz49zZWDVqhY5X4uwKr2AzUHOWH8c7-hNlFNHEaIpj1asp8JkGQCToyrHUIouTCWwf-HjKlVab0G1gXf7rMDxRpOyKMiqz9aywdNBMD1P0KvtEGcNkev8VTHjwISzjN5rhEzghinCtAU3IlWcHj6BdAEblvQFIyUudx_tuu-oQ9xd0Xhjs_YQVCosEc9mZjmu5V16t3_S0CWShSgKxgzmxCh7njoShhW1wVFYam_KNOOp62HLN4ezQEyq9abUM5ZvkEMhDER4QxaY-s_EBBVgoF2pwM5ZIBDg9c1GY_p2-07ayOhSL83DQh7O1RINou_jDWswMwsnmPDHqiKbgPSamhriqnaBnWRo_qNXtf0XkNl8hel0"",""timestamp"":1709896560138,""version"":""0.2.0""}"
images/dekstopimg-removebg-preview.png,pJosr9hnjaN0ll_ulUC5_ArDa4XVtpu2Hs1Ocx0wctM,"{""id"":""pJosr9hnjaN0ll_ulUC5_ArDa4XVtpu2Hs1Ocx0wctM"",""deadlineHeight"":1379451,""public"":""wZgP9Rpfh0nXb5EdzBUg7y2LFMkBp2ADX3gdZhLXHYbz4srlYD6FUGn6Tt-WsSYj8faUyA7bNKj9zzcXiN-bsMC73e0yoQ05A_5I2QnBAgCTuzXePvUVCvSCOg1vdh07hSjvSBd1XiWDHw2J-Z7m6lG3l56PDSCp8t-s0PduONcsjqOePFejzkaJymJxMYp7d0g0GL1i1MrBAbf5ohIobyTYQz7bRHLLUpdSgiCiHbSBp092cIQnHYXGBeWb-lBEtMT9Am5GsHeVXq4eL8H83NBPIN4fIOtwpl7zzBUeaD5lTc3UcXliMjFuFJurVmNhqsP_osJMceybk3VIjdP0biqLqt_nRupdPwwJGQ09iyGv0wfzMBlx7zTZ9pp77ZBX3cDnYmWt2IR-mIgOStfiEHu5BuwNGBvGt7-tzHJp9e6IOofN10apfiuF9iQEQ3gFVQDZ7owQ_IrCq5yWLP7ePwYoB2e7ZbvCkd4JM8oOgEMZkywTOx3gLASGKS7wqUerdlYacWRukqg5MmkQRbzJIiY23pPwrhQSWon5q91jbImO6vTaHVDZnd2GoMFlePAsceNO1MaLS6GMuY-EAwOtaX-R1QZUpJmCzWfV-77AmBmaPDCR0mm3f7jy-3yYSCMAkti4idHVq5dIhOJnibd_LEfQtkTAQ5MQlE4uoa5lkJs"",""signature"":""hIt2OZO-KHzsFax4_jC7sEtm-7kHC52FonBRd1eiaH2y82GYdmaf87DV0QZegLVpQX5TjLckwS6kfuqQwPksw_exdJ1pFprAUH-wDHq4RbF_a43Gchm9S39zsoswfVHLDajLT9aEm6flo4DBXg2A_zWGhBg4pH8-9vVjgs9cDxVf4YmbXvjw_-nz98Sdh8uPLAlwSxLiaC-W3j62DmDK79o2vSquK9Oipzx62sS8ulnx_Yry-_QJnpXes7j69YZrUhOWYxBCiXD2nHczBs_ZIDZaJgnmzKmrMJ8LdZ1XJ1m83pKrTG7wB8vx1WRlhHHuND9xlExxmI_sgrOjrjPyyESUD1QSCVrvvU2W2RoYJ8LF0q7YUfdVuhrRbrRyPrJhnPZdjK36TXpfIdOVDYtbyPQB2EEXyXi_ndqY796y7wr3C0v_q5HGZ8j-xP_DwM_YqlyIICVcGfZ2240gnAHJ5GJv6gcQiyk5ikRuAtxPjUjknVmgbyG7pwdJ49GCSSznKPp5hn02JcBH5Dkxer0EayPnB7HLmpYl8OJmQ1_fHWObUB8cl2roQyMcnG8pXG45QXxQcHno2S8ZAUZtJTeFSbbz09McctYvtJG9jOu_JG4v2K6AamqUwVm8c4askaNI3pL-Ckx-KCejRrM4lw-Cme7_ZI24XcRAeUr1zpzpmY0"",""timestamp"":1709896560217,""version"":""0.2.0""}"
assets/index-6e26d7d9.css,PsZOntAFkpO61J33GYLjFVsJ8eEHKHmcRC85kqDxxNc,"{""id"":""PsZOntAFkpO61J33GYLjFVsJ8eEHKHmcRC85kqDxxNc"",""deadlineHeight"":1379451,""public"":""wZgP9Rpfh0nXb5EdzBUg7y2LFMkBp2ADX3gdZhLXHYbz4srlYD6FUGn6Tt-WsSYj8faUyA7bNKj9zzcXiN-bsMC73e0yoQ05A_5I2QnBAgCTuzXePvUVCvSCOg1vdh07hSjvSBd1XiWDHw2J-Z7m6lG3l56PDSCp8t-s0PduONcsjqOePFejzkaJymJxMYp7d0g0GL1i1MrBAbf5ohIobyTYQz7bRHLLUpdSgiCiHbSBp092cIQnHYXGBeWb-lBEtMT9Am5GsHeVXq4eL8H83NBPIN4fIOtwpl7zzBUeaD5lTc3UcXliMjFuFJurVmNhqsP_osJMceybk3VIjdP0biqLqt_nRupdPwwJGQ09iyGv0wfzMBlx7zTZ9pp77ZBX3cDnYmWt2IR-mIgOStfiEHu5BuwNGBvGt7-tzHJp9e6IOofN10apfiuF9iQEQ3gFVQDZ7owQ_IrCq5yWLP7ePwYoB2e7ZbvCkd4JM8oOgEMZkywTOx3gLASGKS7wqUerdlYacWRukqg5MmkQRbzJIiY23pPwrhQSWon5q91jbImO6vTaHVDZnd2GoMFlePAsceNO1MaLS6GMuY-EAwOtaX-R1QZUpJmCzWfV-77AmBmaPDCR0mm3f7jy-3yYSCMAkti4idHVq5dIhOJnibd_LEfQtkTAQ5MQlE4uoa5lkJs"",""signature"":""W-k1NMygIn-A1FB3bXIrgBmAkHtWmSQ2O9fIgWynfMoiHHMakuJRoZ2xQFquqMcm8_SX6q7Nj-bqJ-D5yitZ7Y0Xk_j-GKv4LZjsbrZMP4QV70rk-nNdD2Q5tx_cOvyc7XKyLsxi-OYo0sDeXBXw_uYFEU6h_RlNLp2KwR6QHQX2-0Ue5t7Mu6w7niiuvnCfUv4E2HTZ3VW_yeQVMUb0VQZ7PPw_uBcobKEtV6WQEAWUmO3gAa0ycp3wl5j3n6G7vbI32prZvY20a-DLBZSw4A-2MlG3gp6JhR9iLduDCh4gbol_tj-lcqs5qJp4gVbvrFFofVsP5DpEUdNEFKVPqmy_-vyVn1finOiaqrsGEEHeen8_e-4WDjJNEaHSYLfRtg9WF5UrAiIytkqZJpLKiEKMokWQZGCHszilIJ8xbfYA3NLMDy8Vd8wN5LPbCv9Zn8IVNFvNMs_GsW6o__qTHec99Y7UYxIwTPtD2F9HFQpDxwMe2EBW7nNvO3S2zwIZK9zRTA44hEa7V-7PCiDbZ-iaCpZYgwgY8AnPBfsTCJGXsHaqTvJqLxw2_dIUl0lHDsueneRG2rwWQh8tpBmewzuNZbX3oG0cjppoMutjTNMmKP_HDoaBmYg0SJSHwJFMnw3KEgItYnzQaQjV3fOIP4Qddezl7kcEizf2bIRajBw"",""timestamp"":1709896560254,""version"":""0.2.0""}"
images/permanews3.jpg,ucCVaDz7wCgGafVIwBWwWpoH_XN2MKzUdvFmTugzIf4,"{""id"":""ucCVaDz7wCgGafVIwBWwWpoH_XN2MKzUdvFmTugzIf4"",""deadlineHeight"":1379451,""public"":""wZgP9Rpfh0nXb5EdzBUg7y2LFMkBp2ADX3gdZhLXHYbz4srlYD6FUGn6Tt-WsSYj8faUyA7bNKj9zzcXiN-bsMC73e0yoQ05A_5I2QnBAgCTuzXePvUVCvSCOg1vdh07hSjvSBd1XiWDHw2J-Z7m6lG3l56PDSCp8t-s0PduONcsjqOePFejzkaJymJxMYp7d0g0GL1i1MrBAbf5ohIobyTYQz7bRHLLUpdSgiCiHbSBp092cIQnHYXGBeWb-lBEtMT9Am5GsHeVXq4eL8H83NBPIN4fIOtwpl7zzBUeaD5lTc3UcXliMjFuFJurVmNhqsP_osJMceybk3VIjdP0biqLqt_nRupdPwwJGQ09iyGv0wfzMBlx7zTZ9pp77ZBX3cDnYmWt2IR-mIgOStfiEHu5BuwNGBvGt7-tzHJp9e6IOofN10apfiuF9iQEQ3gFVQDZ7owQ_IrCq5yWLP7ePwYoB2e7ZbvCkd4JM8oOgEMZkywTOx3gLASGKS7wqUerdlYacWRukqg5MmkQRbzJIiY23pPwrhQSWon5q91jbImO6vTaHVDZnd2GoMFlePAsceNO1MaLS6GMuY-EAwOtaX-R1QZUpJmCzWfV-77AmBmaPDCR0mm3f7jy-3yYSCMAkti4idHVq5dIhOJnibd_LEfQtkTAQ5MQlE4uoa5lkJs"",""signature"":""wIX6JLytPk9prtEhwFMcQmMx0rZyGz8HGHKv0RfZVhQsligOaxvBgn69001Q7PTsktUY2bqVdY6zCf7Fl9puUcYv13M4-cSv6bFGexVzIU2AkA4ZyKI0UuKyOWhRh9r7MRIEyZ12j8BNr-Po2Vg0eS2ftiE8FjVGBu6rIM2TEHDiKWGiBSi7pY7kL4oWphaLEndvK-C7DhGO_m6bJmWUbd6maOp8yofR2hrf0IG2gv9WPpIivYS9dyosn1f4fnM41pHPN8oehGS_zuamHrvK37o-GP-11U5d8SteusW_DyB3Ilb1U9B-Y1_Xl0XZQfiI-Qob9L_q-XJfxlfV6qAdLJwHncZ8krKygHcV5Ca1bdJoZPOkfK7a7i3XHUuHRR_SQCFZN8fw_Ja3onfUYrD2CDjj6asY4doEYMBjwY-AQ86wh4LH1OF5MmVexKq9K26vS52FIf2tec3_ChTalAliW6Be3O7LzZNjAYJaO54E8A0sKzbD4lYVvm9wQsiapjEotCIjwPiQTnuRZcCKQWV9UUPKMY6qxplv4dDw3-pHGYHS_Bsg3w3QGkt6JwBRISL8yznUK94jyNmXf2uQss1JFLszJzfD3F_Jw8SV-8bgsYNUoiBN44-pT-q4TH7WN4DROOWsJUwLsbNrypO3W-VT1PbnpbglbfL5nN9XyTEsEgw"",""timestamp"":1709896560463,""version"":""0.2.0""}"
images/permanews2.jpg,VBFRsbTpfQ1uzk7fHgm2s_2YjwfCg2H423tPNr-HgIQ,"{""id"":""VBFRsbTpfQ1uzk7fHgm2s_2YjwfCg2H423tPNr-HgIQ"",""deadlineHeight"":1379451,""public"":""wZgP9Rpfh0nXb5EdzBUg7y2LFMkBp2ADX3gdZhLXHYbz4srlYD6FUGn6Tt-WsSYj8faUyA7bNKj9zzcXiN-bsMC73e0yoQ05A_5I2QnBAgCTuzXePvUVCvSCOg1vdh07hSjvSBd1XiWDHw2J-Z7m6lG3l56PDSCp8t-s0PduONcsjqOePFejzkaJymJxMYp7d0g0GL1i1MrBAbf5ohIobyTYQz7bRHLLUpdSgiCiHbSBp092cIQnHYXGBeWb-lBEtMT9Am5GsHeVXq4eL8H83NBPIN4fIOtwpl7zzBUeaD5lTc3UcXliMjFuFJurVmNhqsP_osJMceybk3VIjdP0biqLqt_nRupdPwwJGQ09iyGv0wfzMBlx7zTZ9pp77ZBX3cDnYmWt2IR-mIgOStfiEHu5BuwNGBvGt7-tzHJp9e6IOofN10apfiuF9iQEQ3gFVQDZ7owQ_IrCq5yWLP7ePwYoB2e7ZbvCkd4JM8oOgEMZkywTOx3gLASGKS7wqUerdlYacWRukqg5MmkQRbzJIiY23pPwrhQSWon5q91jbImO6vTaHVDZnd2GoMFlePAsceNO1MaLS6GMuY-EAwOtaX-R1QZUpJmCzWfV-77AmBmaPDCR0mm3f7jy-3yYSCMAkti4idHVq5dIhOJnibd_LEfQtkTAQ5MQlE4uoa5lkJs"",""signature"":""r8s23JKWrQheWIhsQLOcJuVkI32TNLRlmS3lAW97qVARbbBfYNVStpuAv4bYeYMvrZx3v_fC7GfOTI8s8J-cOYIn8dMgru1eSN7amPp2BW9ZSsLGiSu6YRC39uTg45j9mS2YJH3z0FBNoBM-rEAar5uhvDT-9p-d5hfpLrb4ZxAaxjl0WDk4tapVxLDlJaBk3OSZrjmH5LDq6N7NB9Ie5ttIHnY_-pZwQWtoA-RZYAuJi2Dv0pT0BpEcy6dJJlkjaIqeb5-QAGqSRN9AFFNazp6KyE7Bbaf1h_zvfH2_0Lxdvn0YbsM6Kjsc5W-q3Otw6BLQ7TRVMTuaGUFNCuXLzL6Ek24fVE3Vr_-P3AoukjStLTNSDgIhf0M9S1rrVyqBjaN065Nf259afE3mBYR1lLeR6YNdwlKb00A083hHagmYSjvDtEQ34meqiL5aocQp-etp1wYi8W2cASsMrcA3J9lwQhpZxTMldh7Ow68PPo7rDyLiudr7P4jR-9OLO_aIIdu_V6yjYaQ9FXqXx46MLuzQ8QOio6qxzVmNVOyL0ca-tIrDkucXvdikUoXYi9ukvVDOT93WCXiUGrQ47XmzkKA9z5ysroTLEoDQLxSgrk5Lyp685TzdeEzSeCesarwWeWvHqmOugE1FLnXxNZgQl1w3HrQs0N1HEaqE5sG2t7s"",""timestamp"":1709896561060,""version"":""0.2.0""}"
images/tiago.jpg,GnG_6ijTkUx3e_YPb4dsVLAYruOcPGeK6aC6jOzON-8,"{""id"":""GnG_6ijTkUx3e_YPb4dsVLAYruOcPGeK6aC6jOzON-8"",""deadlineHeight"":1379451,""public"":""wZgP9Rpfh0nXb5EdzBUg7y2LFMkBp2ADX3gdZhLXHYbz4srlYD6FUGn6Tt-WsSYj8faUyA7bNKj9zzcXiN-bsMC73e0yoQ05A_5I2QnBAgCTuzXePvUVCvSCOg1vdh07hSjvSBd1XiWDHw2J-Z7m6lG3l56PDSCp8t-s0PduONcsjqOePFejzkaJymJxMYp7d0g0GL1i1MrBAbf5ohIobyTYQz7bRHLLUpdSgiCiHbSBp092cIQnHYXGBeWb-lBEtMT9Am5GsHeVXq4eL8H83NBPIN4fIOtwpl7zzBUeaD5lTc3UcXliMjFuFJurVmNhqsP_osJMceybk3VIjdP0biqLqt_nRupdPwwJGQ09iyGv0wfzMBlx7zTZ9pp77ZBX3cDnYmWt2IR-mIgOStfiEHu5BuwNGBvGt7-tzHJp9e6IOofN10apfiuF9iQEQ3gFVQDZ7owQ_IrCq5yWLP7ePwYoB2e7ZbvCkd4JM8oOgEMZkywTOx3gLASGKS7wqUerdlYacWRukqg5MmkQRbzJIiY23pPwrhQSWon5q91jbImO6vTaHVDZnd2GoMFlePAsceNO1MaLS6GMuY-EAwOtaX-R1QZUpJmCzWfV-77AmBmaPDCR0mm3f7jy-3yYSCMAkti4idHVq5dIhOJnibd_LEfQtkTAQ5MQlE4uoa5lkJs"",""signature"":""LRHCV62ufkcYMsauhFJq3_vVeIoF8KB51Y2wbLaQnBS1znTXgf8F4PBOmqYB_qZwXnrF2esBCaAhAciKyA7SGunXnU3_XV5IcogIn--meevSPdpSew_3XuoC4b5_KWcvJHIZrI0Si7eeZNnJ7DFYzNc3iGNnsBe4XwzXzsUZuRyQ-uV6aQ5t4rckpKfVe7BL_vXA9GnUhwUOAuMPMMkadEG16zbRNdHDCpz6zyP84odTngAYMx93B8PRhK6uq2yZAodukGMwA5MSVcefPoVjubu1EirDUJMJqqVPDsLMlJdWEg9TGhIM2Mq826Ay8PPTG-DdTBakTPTmVGvp-2PGNVaM2pVh6Ykr8Ed_0IEXbFIr40RUV0gOe1wAFIvhmODIakSj7Cl3lun2OPdgf2C2QNlWseaak_vqVWBH-Ui7TnzuG7JioC19p7gUJdtE9JBB47zCXbhCKrWjybC0aRaTgsgwCd90jQYmxhb5A6amXVfNfBBYeCvjFz9LqLtkLQoc_dgl2Qna-cNg7vBKGJT1zkEnApr9_j-y12nAZ3y34QwSM291VY_H96fEORxO1SCpXvLUmPO_HVL5KBOYFDo81pt5d5XBRBuTa7NzZ3med7FbJjSGZ_A-kI-i1HC-7LEGDvP3MEcw9VBDQj8DF9otWFd4AJjwsFWdyr15xYwQkDk"",""timestamp"":1709896561305,""version"":""0.2.0""}"
images/first_medium.png,GjwHjsoc2BgwEUwMhHgfbgO_WeVpKd3TyKH_awtPybA,"{""id"":""GjwHjsoc2BgwEUwMhHgfbgO_WeVpKd3TyKH_awtPybA"",""deadlineHeight"":1379451,""public"":""wZgP9Rpfh0nXb5EdzBUg7y2LFMkBp2ADX3gdZhLXHYbz4srlYD6FUGn6Tt-WsSYj8faUyA7bNKj9zzcXiN-bsMC73e0yoQ05A_5I2QnBAgCTuzXePvUVCvSCOg1vdh07hSjvSBd1XiWDHw2J-Z7m6lG3l56PDSCp8t-s0PduONcsjqOePFejzkaJymJxMYp7d0g0GL1i1MrBAbf5ohIobyTYQz7bRHLLUpdSgiCiHbSBp092cIQnHYXGBeWb-lBEtMT9Am5GsHeVXq4eL8H83NBPIN4fIOtwpl7zzBUeaD5lTc3UcXliMjFuFJurVmNhqsP_osJMceybk3VIjdP0biqLqt_nRupdPwwJGQ09iyGv0wfzMBlx7zTZ9pp77ZBX3cDnYmWt2IR-mIgOStfiEHu5BuwNGBvGt7-tzHJp9e6IOofN10apfiuF9iQEQ3gFVQDZ7owQ_IrCq5yWLP7ePwYoB2e7ZbvCkd4JM8oOgEMZkywTOx3gLASGKS7wqUerdlYacWRukqg5MmkQRbzJIiY23pPwrhQSWon5q91jbImO6vTaHVDZnd2GoMFlePAsceNO1MaLS6GMuY-EAwOtaX-R1QZUpJmCzWfV-77AmBmaPDCR0mm3f7jy-3yYSCMAkti4idHVq5dIhOJnibd_LEfQtkTAQ5MQlE4uoa5lkJs"",""signature"":""JWaIvDIF6JzkLhpnQY4-ULiuShO6QdCT_q55cVNC9yCw50_68gipLO8RYk7PLFgfmGQKK0t71jCAsdWfQKRmcV7D0htXOkp-J7Y4IXndsBuXXABk-j_bb7Zxh08L18wvP974oJYSd1xYV-Bv_rkHLcHSEhDJD8vmIJykAj4KgXsP3zUOuoz2LvTwHukpyE_mYvohil3A6fEsD8N2fOi-yQpgEg0lL8mAHhdG-k173yCrh71yDlRj130xlkr4kAXPBA9Zgdsle21knn6Q0sgXyJPI3JsC8a-oDEitEsDggyCrmrUNRdTz64ckoqnWT0a7Z_5qk7B-liUSZnKu9gtfcutao-HaVYJdvAD_MMVHEU782j6Z1wz5vRq8OAvwdbapKH-b86MAUuhoTXd4LrtSs9JS2PxJUJ8BXqd9YQ1zTR4QddzZd4D3O7cygF-iBEc7XAlv3wCttZ5F9RFUnFhaJLvVOK8WtMJYlq_IRbD_LRQY116O4jlEx16zPWqbg7VHN8giNBzpBU0vWVOHC0zWcZJKpxua43itGeCUvru95NsZqcmtZV1L-mGaiMRQw1Fil59kIGxQFpFzQAqvquZXn5ncaTuAdan2TfARb56-ImORjhTaSe9Hm4gzCrBhM4OuWR1KFHERsesnmbTnCBlcFlYcYuZbcklsJnh_nkEftow"",""timestamp"":1709896561160,""version"":""0.2.0""}"
images/luis.jpg,PgQAf489uak0LofXS_GW_Oy8oDjFB1cNsKrTB4SPgmY,"{""id"":""PgQAf489uak0LofXS_GW_Oy8oDjFB1cNsKrTB4SPgmY"",""deadlineHeight"":1379451,""public"":""wZgP9Rpfh0nXb5EdzBUg7y2LFMkBp2ADX3gdZhLXHYbz4srlYD6FUGn6Tt-WsSYj8faUyA7bNKj9zzcXiN-bsMC73e0yoQ05A_5I2QnBAgCTuzXePvUVCvSCOg1vdh07hSjvSBd1XiWDHw2J-Z7m6lG3l56PDSCp8t-s0PduONcsjqOePFejzkaJymJxMYp7d0g0GL1i1MrBAbf5ohIobyTYQz7bRHLLUpdSgiCiHbSBp092cIQnHYXGBeWb-lBEtMT9Am5GsHeVXq4eL8H83NBPIN4fIOtwpl7zzBUeaD5lTc3UcXliMjFuFJurVmNhqsP_osJMceybk3VIjdP0biqLqt_nRupdPwwJGQ09iyGv0wfzMBlx7zTZ9pp77ZBX3cDnYmWt2IR-mIgOStfiEHu5BuwNGBvGt7-tzHJp9e6IOofN10apfiuF9iQEQ3gFVQDZ7owQ_IrCq5yWLP7ePwYoB2e7ZbvCkd4JM8oOgEMZkywTOx3gLASGKS7wqUerdlYacWRukqg5MmkQRbzJIiY23pPwrhQSWon5q91jbImO6vTaHVDZnd2GoMFlePAsceNO1MaLS6GMuY-EAwOtaX-R1QZUpJmCzWfV-77AmBmaPDCR0mm3f7jy-3yYSCMAkti4idHVq5dIhOJnibd_LEfQtkTAQ5MQlE4uoa5lkJs"",""signature"":""Sf7M5KZuu3OBENbq2rgM4TkF2TA_XutxiisbMz3TzDy9uty7QAN4NTkZ_fn5AR6IOwuJa75Ekvo6g8t4RXXFQSsscXn4SN4ZnwnjYylt_QiF7DDxPa6N3DVZBcpYWgbI16aiU7gscWT0KpOoG5CitAq7qVsCG1bME7wVIhSSMu-HJIH440oGW1xQubAx7xCT5ccYplEzzLuhDmATlMkbs0nvds5WxjdeeZWsvsT5gtWJYHxJFS9fYGCUgr20lEbCRWJJ5ZLFB809iSQnNBSvHFQEiEdCk4piWqOgPvP-T7--BzqiY_JV2vr-NqK_HskyADJi2tM65aZNvDP8vlcldWt8r7DDsM1DiSVy3BMErS351-Eh3zjWn6SVys-iuUGE9siMR8tIl_6J3VbmldbN0aP6A4zTv4V8qJs2824BGxPOtgP-ejUE4G6sQ93B-7eekLfS7doaH_DjP3HAuhw1KOVzoKfyoYaQgeEBo8at5pLIqej1cRqWmCr_CCqNxf0CQsXxFr4x_ZoxrOOQ6EU_qAjggXP7hFZFX89uVZPFYsBRa2jdHGBJRgE9J4aUKV5bhyuZwFBqcANu-yaYGtsgqZ_LFuRYG0_DMBNw6auTBh37gx9qt_12k9AgCTdrywb5WdvF6F2k8I5PbaKeKsZqp05Tmc194Uo58OAaXg8P_T8"",""timestamp"":1709896561214,""version"":""0.2.0""}"
images/permawebpioneers.png,MR6Ma4pv4oMjXWCA-A635jCS8Gt3dCwaEYLkU8JmAdY,"{""id"":""MR6Ma4pv4oMjXWCA-A635jCS8Gt3dCwaEYLkU8JmAdY"",""deadlineHeight"":1379451,""public"":""wZgP9Rpfh0nXb5EdzBUg7y2LFMkBp2ADX3gdZhLXHYbz4srlYD6FUGn6Tt-WsSYj8faUyA7bNKj9zzcXiN-bsMC73e0yoQ05A_5I2QnBAgCTuzXePvUVCvSCOg1vdh07hSjvSBd1XiWDHw2J-Z7m6lG3l56PDSCp8t-s0PduONcsjqOePFejzkaJymJxMYp7d0g0GL1i1MrBAbf5ohIobyTYQz7bRHLLUpdSgiCiHbSBp092cIQnHYXGBeWb-lBEtMT9Am5GsHeVXq4eL8H83NBPIN4fIOtwpl7zzBUeaD5lTc3UcXliMjFuFJurVmNhqsP_osJMceybk3VIjdP0biqLqt_nRupdPwwJGQ09iyGv0wfzMBlx7zTZ9pp77ZBX3cDnYmWt2IR-mIgOStfiEHu5BuwNGBvGt7-tzHJp9e6IOofN10apfiuF9iQEQ3gFVQDZ7owQ_IrCq5yWLP7ePwYoB2e7ZbvCkd4JM8oOgEMZkywTOx3gLASGKS7wqUerdlYacWRukqg5MmkQRbzJIiY23pPwrhQSWon5q91jbImO6vTaHVDZnd2GoMFlePAsceNO1MaLS6GMuY-EAwOtaX-R1QZUpJmCzWfV-77AmBmaPDCR0mm3f7jy-3yYSCMAkti4idHVq5dIhOJnibd_LEfQtkTAQ5MQlE4uoa5lkJs"",""signature"":""U38jUgz2R7eD-6DZ1zyChUigTLzephCccsyl0juUnqDabMHY24NBrlBRCv4mPvpzs8nibQ0kAdneS5ZLteaNjPZi2jezGwbL9HdeHsxfD9DdxucuVIh0VtrEG_c57aXQkjJLhRZPDsnIVHJaJjJ7vcurtE6jL-N3SS82IlblDtOyvXWQelQwQ98btUJ6jtvCx2W1cpVi2_Atz8Td15Q242WX5ZGah7Nr3SSrSDVm-6MrUYAzrxsWHLVOEKIGs7GwEUL_V7emkZ6Bw3XVRjIUodE8MU318DWbL68QnwLVir02l9tQUSWM6VHOaoyUE8sf8IIIKTGu3E1vYrvg1gOTH7M0r-yzbVpzGtWItBfAAdJZzkvx5WwNu7GMMdxS-IKCLGDpmOaBv-mwdmKpWElrYb3kbFVfeyRjwhsBHfoZttbTZA-OI3DquwXY1QLu_jCi0Ei6v-n-NLgzTYlyOwSOwTnb-BbZXD6acdjYqMvngN7AxKU2JZ64WDe0d2xXW_OpoyiHDUQMAEfVLlRwOQKL1dyiNMfTVOspVsJHQmDFNztd2snyJaNRSE82bNwLB1gC031U95hEVp6Oo-3dYhh-vUL0IiGFvH27xXUedBPV_JJcRttTmZU_6HJnMuJ5gevom0e_HA2h22bFI9Hj7aP-xQZmUbnGZGIbB8jHV6HWa6I"",""timestamp"":1709896561372,""version"":""0.2.0""}"
images/marcio.jpg,jYt9CoQQM5BmauWUww0tpEQ9ooOQlnOZ0hZY3bQ-Hp4,"{""id"":""jYt9CoQQM5BmauWUww0tpEQ9ooOQlnOZ0hZY3bQ-Hp4"",""deadlineHeight"":1379451,""public"":""wZgP9Rpfh0nXb5EdzBUg7y2LFMkBp2ADX3gdZhLXHYbz4srlYD6FUGn6Tt-WsSYj8faUyA7bNKj9zzcXiN-bsMC73e0yoQ05A_5I2QnBAgCTuzXePvUVCvSCOg1vdh07hSjvSBd1XiWDHw2J-Z7m6lG3l56PDSCp8t-s0PduONcsjqOePFejzkaJymJxMYp7d0g0GL1i1MrBAbf5ohIobyTYQz7bRHLLUpdSgiCiHbSBp092cIQnHYXGBeWb-lBEtMT9Am5GsHeVXq4eL8H83NBPIN4fIOtwpl7zzBUeaD5lTc3UcXliMjFuFJurVmNhqsP_osJMceybk3VIjdP0biqLqt_nRupdPwwJGQ09iyGv0wfzMBlx7zTZ9pp77ZBX3cDnYmWt2IR-mIgOStfiEHu5BuwNGBvGt7-tzHJp9e6IOofN10apfiuF9iQEQ3gFVQDZ7owQ_IrCq5yWLP7ePwYoB2e7ZbvCkd4JM8oOgEMZkywTOx3gLASGKS7wqUerdlYacWRukqg5MmkQRbzJIiY23pPwrhQSWon5q91jbImO6vTaHVDZnd2GoMFlePAsceNO1MaLS6GMuY-EAwOtaX-R1QZUpJmCzWfV-77AmBmaPDCR0mm3f7jy-3yYSCMAkti4idHVq5dIhOJnibd_LEfQtkTAQ5MQlE4uoa5lkJs"",""signature"":""utnzzPmZNvNfFad4jjGZi4jgfKIXGMxg8ofQvgm2QUGGAF5JZ5D7l_m7b3ShrtuqhPDO7JHIFu8T2ynjMjX-5gUc5uoGpw0qjQpOchkf9YY_SyskpCNRXEryG7GCVF1O_9Ahtd9lkZ4--1pfkZE7P11YkjEzZ0j6rOlu6It0mtQ1dYc8UrrkVNKo6BzBQxXyOb-n2F0bP0bjoIUIjaYQunuL_Mif0fxT_tkGt67h2mImU3Y-oGK3C91I2OvXbWkqCHnb8tDv6EvgfCVYbuXGBxp3j_x84D4DG5qzUbjqGP5cVNJdDNEk54v5IuuRT5vWTxTycPyt8l1vilVFQljH9jLqjzWj94qgzf0LespaS1bZ4rtl5_6gaX1poHQLoopdElfwkB-PB2nrTF7JoeShs6aZ8t7kS9jDWDdiN1sSVtWLYNM_IxTMZotocrp3_Hket3g6eu_PLjpg3aMzP_LHRclZn9Vh4vCJcutbnfYALkpr_Gsdva4Hb7DCicIrSTOF_wlW4Nma9-IRY0M1MaET9mGfXuW2PIYTEG-lWEJJySNCsDaX2i5vVYH1j8RrE7j0P0VMd2MGDTL7LgoYEamoW38FaF--Je7AsM1E-tIFTtq51AldwWKFPGC1xHt03wNfSiwGeK0bT0ffDKhIqRkXHKYarHlpH-LRERmjTyYGX4A"",""timestamp"":1709896561268,""version"":""0.2.0""}"
videos/video4.mp4,Q6LkV4Bjm6bZRvh67N6OPUv2s9NSRJ-pJgAnxuClkL4,"{""id"":""Q6LkV4Bjm6bZRvh67N6OPUv2s9NSRJ-pJgAnxuClkL4"",""deadlineHeight"":1379451,""public"":""wZgP9Rpfh0nXb5EdzBUg7y2LFMkBp2ADX3gdZhLXHYbz4srlYD6FUGn6Tt-WsSYj8faUyA7bNKj9zzcXiN-bsMC73e0yoQ05A_5I2QnBAgCTuzXePvUVCvSCOg1vdh07hSjvSBd1XiWDHw2J-Z7m6lG3l56PDSCp8t-s0PduONcsjqOePFejzkaJymJxMYp7d0g0GL1i1MrBAbf5ohIobyTYQz7bRHLLUpdSgiCiHbSBp092cIQnHYXGBeWb-lBEtMT9Am5GsHeVXq4eL8H83NBPIN4fIOtwpl7zzBUeaD5lTc3UcXliMjFuFJurVmNhqsP_osJMceybk3VIjdP0biqLqt_nRupdPwwJGQ09iyGv0wfzMBlx7zTZ9pp77ZBX3cDnYmWt2IR-mIgOStfiEHu5BuwNGBvGt7-tzHJp9e6IOofN10apfiuF9iQEQ3gFVQDZ7owQ_IrCq5yWLP7ePwYoB2e7ZbvCkd4JM8oOgEMZkywTOx3gLASGKS7wqUerdlYacWRukqg5MmkQRbzJIiY23pPwrhQSWon5q91jbImO6vTaHVDZnd2GoMFlePAsceNO1MaLS6GMuY-EAwOtaX-R1QZUpJmCzWfV-77AmBmaPDCR0mm3f7jy-3yYSCMAkti4idHVq5dIhOJnibd_LEfQtkTAQ5MQlE4uoa5lkJs"",""signature"":""Umx3MeKkM7C4bI0yicAMcnJ30Sodk7ACSVkX5-B6cb343mLyZFcw6nWXgmJ7QVTfnXudClyGSukU5sqN4GXONjDc87GB9Dkp4mmEWSVUJZpPBJ2P2iuG_RvAkbzsWaphUVzhFTQgGkCdaR_K7kYxcIO2JnzBK_IydBzFIjqR9acJOXOip_hFEsBq8BllSN_vnL7-J1exGtoDvtONOC41m1rmgZocyOW0c5R8Ul000Q5258Pw0g9KtiP2V075s2dcnJkZ4t1FKNLj0uMvk8gGHIqoOkdxslpU153XwnnuWsbngMJKGYfIGYInli0OkUk5ZrBdEsMkDh6DJZGKC2OZk7AQtD19O2B3nMaYH-LQSkhG8JNwSxgx6R2sMqlUwobEthcJDxCAcNtSm9m7IWG6_2pNzngzT7VxNJROcwLpddOPQsOuqI2Fy2w9c98SHwRQTHSqOVTSvA3O4H1hF68Vq0fWFeYs9N1967om4cDlwc9oonLwdTiwPjqdTyVku3qt63SD80cP1An7zp6tYiwcs7z8TiPE-J5Jb-BovyALhtwe66u-AEZ0I8rX-17wI7Fe9ZYignvkaIh7F36OdgUAZ4FO0WCQBoYhLuAJFcOLzPXHmxfRGUVTBAolMXLQiSO2O8AC2ET58w0tCj1ZnBVLvKAiIcK5YZHb5UjwfB3oHC8"",""timestamp"":1709896561548,""version"":""0.2.0""}"
videos/video2.mp4,PZ76vH02ETQM2q0ppCohK3KBqh6NEgtX8boruz5BHTk,"{""id"":""PZ76vH02ETQM2q0ppCohK3KBqh6NEgtX8boruz5BHTk"",""deadlineHeight"":1379451,""public"":""wZgP9Rpfh0nXb5EdzBUg7y2LFMkBp2ADX3gdZhLXHYbz4srlYD6FUGn6Tt-WsSYj8faUyA7bNKj9zzcXiN-bsMC73e0yoQ05A_5I2QnBAgCTuzXePvUVCvSCOg1vdh07hSjvSBd1XiWDHw2J-Z7m6lG3l56PDSCp8t-s0PduONcsjqOePFejzkaJymJxMYp7d0g0GL1i1MrBAbf5ohIobyTYQz7bRHLLUpdSgiCiHbSBp092cIQnHYXGBeWb-lBEtMT9Am5GsHeVXq4eL8H83NBPIN4fIOtwpl7zzBUeaD5lTc3UcXliMjFuFJurVmNhqsP_osJMceybk3VIjdP0biqLqt_nRupdPwwJGQ09iyGv0wfzMBlx7zTZ9pp77ZBX3cDnYmWt2IR-mIgOStfiEHu5BuwNGBvGt7-tzHJp9e6IOofN10apfiuF9iQEQ3gFVQDZ7owQ_IrCq5yWLP7ePwYoB2e7ZbvCkd4JM8oOgEMZkywTOx3gLASGKS7wqUerdlYacWRukqg5MmkQRbzJIiY23pPwrhQSWon5q91jbImO6vTaHVDZnd2GoMFlePAsceNO1MaLS6GMuY-EAwOtaX-R1QZUpJmCzWfV-77AmBmaPDCR0mm3f7jy-3yYSCMAkti4idHVq5dIhOJnibd_LEfQtkTAQ5MQlE4uoa5lkJs"",""signature"":""Bfp8MAoHG7m2D398l-yWAUIaOVfBnkDWo_ymF-gox1AGH4FcaIHpDUW1XskCpalczZd-_0l5wCll_fcL3kvr_aKpECjCOxCoxWWVvyrLukgUp9xZOpnxy27V-8fQFiKiqaRZstP40rSpq3mQ_O8xEh6Mgxn8BWezuvIp_o3Bct89072KQk7NMHw5VU2XZxZ34Pn4qqnAEr6GHw4GuQS6WSQtQm-nk5-gGTDuGT-Av4cq8ZjrkcuyZmZdVJQysKvPmEhQQFamxD6Z0OZmuKntHyD6aiy4mRvKacddkDklQuSl2Tn9dd6HIpV3NulJA_to-efrTUC-4UvLp7XRYiF0SU21eaR28lLQnlt8Q2O7baNt7PsxNyTrAaLUCIaX9t2jSLCQIJvsZyc8BlxI8JqXBonjdheS3eg9EsrwaAeEIcUK7pWrIi4Ivyj3MV0i4ZKSMunSXmp7TH1BO-EH5mwf9FaLwIbNihV43Ln8O2K5JBVIiOdOtYMy6JDfO-u27Oav5vSwTTleUATKMTDXS6Zuk0W1TJSPZXjOHA61mLGseDSnEjjgkwC_YeEgPSzDnJuhq5OpaElkiIPl5_Pgf9NcDPdjyOOc1wAA4IIaYHjG5mm2l6PGz1E5mRnjHzuBz4E--XkDDT6EDhzqiEYdf-drqo_mkGRE61L7EVrzmQ0mI0w"",""timestamp"":1709896561884,""version"":""0.2.0""}"
images/superhumans.png,GwfXHjeLnRV3cUJKWHsPFjBlz9ixeY2nGfEBBkihkBg,"{""id"":""GwfXHjeLnRV3cUJKWHsPFjBlz9ixeY2nGfEBBkihkBg"",""deadlineHeight"":1379451,""public"":""wZgP9Rpfh0nXb5EdzBUg7y2LFMkBp2ADX3gdZhLXHYbz4srlYD6FUGn6Tt-WsSYj8faUyA7bNKj9zzcXiN-bsMC73e0yoQ05A_5I2QnBAgCTuzXePvUVCvSCOg1vdh07hSjvSBd1XiWDHw2J-Z7m6lG3l56PDSCp8t-s0PduONcsjqOePFejzkaJymJxMYp7d0g0GL1i1MrBAbf5ohIobyTYQz7bRHLLUpdSgiCiHbSBp092cIQnHYXGBeWb-lBEtMT9Am5GsHeVXq4eL8H83NBPIN4fIOtwpl7zzBUeaD5lTc3UcXliMjFuFJurVmNhqsP_osJMceybk3VIjdP0biqLqt_nRupdPwwJGQ09iyGv0wfzMBlx7zTZ9pp77ZBX3cDnYmWt2IR-mIgOStfiEHu5BuwNGBvGt7-tzHJp9e6IOofN10apfiuF9iQEQ3gFVQDZ7owQ_IrCq5yWLP7ePwYoB2e7ZbvCkd4JM8oOgEMZkywTOx3gLASGKS7wqUerdlYacWRukqg5MmkQRbzJIiY23pPwrhQSWon5q91jbImO6vTaHVDZnd2GoMFlePAsceNO1MaLS6GMuY-EAwOtaX-R1QZUpJmCzWfV-77AmBmaPDCR0mm3f7jy-3yYSCMAkti4idHVq5dIhOJnibd_LEfQtkTAQ5MQlE4uoa5lkJs"",""signature"":""mo1uOdeDLtEvj6nynA4kR3P32RsbXavxeTqLWfkfN4egs-8_xpMYwxd-Db0G6gwKE2zwLhbdHwoKvuc3PVFvymcq1smRX3VyhAc_Vpy_4heRIRlQhYuUTAOvtgcwvcYG3onEPD_pQg8RmA5DgRc64bloGNS7MOLD0oBG9s6JHMafs_c_c5C-oLJwvkRZtJ8CI-A-aAlIK3nxmHE5TB-0qrjwa5UerrPwrVHWa_ivEL21mSpmD5v8quv2hfd7NlE8ITXEj5Ft_hytailrvsnSA0a_j8PdRbCO3Zc7F27Qq_FpZU3d6aiOEV_2bwmlNF4H__bFouNkpRh8LFpNEu8j5QZrPZzbtDLArBld6TqdMTXEwb9wQTpi0SuUWJKrbXZ3p6yXrHFd0evM3C30_LFKsw7CDdXaxOUUzA3DXepRFtl9ff6Q9PZzQNRnNm0HoEjQHlr9csYJSD_9OBVpMhPNBCqm6cIlOLqdf1tW1S1a8rk4vM_EFY6WhXolmmxdOj-haA34HzVKaeQ1O1RJM4vvUyBzbviCwdR45uZAsEcSlLao8DPFQ7xYf7xlYgRqP0bS1TBQYXjvydRBDh6Wlm0ZIOIsJTjFH2F0rs8bMYwh-YzM629CGpg_a1vGYRkS2oLyJAeRKr0fGWfeZHmAGYe8xFZYaAF9lycmW0rP_et3k3M"",""timestamp"":1709896562079,""version"":""0.2.0""}"
assets/index-89e80b93.js,yvhTiXq6U4rEiN6L1VROCDAXmBvYVguqbs3jkaIePc8,"{""id"":""yvhTiXq6U4rEiN6L1VROCDAXmBvYVguqbs3jkaIePc8"",""deadlineHeight"":1379451,""public"":""wZgP9Rpfh0nXb5EdzBUg7y2LFMkBp2ADX3gdZhLXHYbz4srlYD6FUGn6Tt-WsSYj8faUyA7bNKj9zzcXiN-bsMC73e0yoQ05A_5I2QnBAgCTuzXePvUVCvSCOg1vdh07hSjvSBd1XiWDHw2J-Z7m6lG3l56PDSCp8t-s0PduONcsjqOePFejzkaJymJxMYp7d0g0GL1i1MrBAbf5ohIobyTYQz7bRHLLUpdSgiCiHbSBp092cIQnHYXGBeWb-lBEtMT9Am5GsHeVXq4eL8H83NBPIN4fIOtwpl7zzBUeaD5lTc3UcXliMjFuFJurVmNhqsP_osJMceybk3VIjdP0biqLqt_nRupdPwwJGQ09iyGv0wfzMBlx7zTZ9pp77ZBX3cDnYmWt2IR-mIgOStfiEHu5BuwNGBvGt7-tzHJp9e6IOofN10apfiuF9iQEQ3gFVQDZ7owQ_IrCq5yWLP7ePwYoB2e7ZbvCkd4JM8oOgEMZkywTOx3gLASGKS7wqUerdlYacWRukqg5MmkQRbzJIiY23pPwrhQSWon5q91jbImO6vTaHVDZnd2GoMFlePAsceNO1MaLS6GMuY-EAwOtaX-R1QZUpJmCzWfV-77AmBmaPDCR0mm3f7jy-3yYSCMAkti4idHVq5dIhOJnibd_LEfQtkTAQ5MQlE4uoa5lkJs"",""signature"":""pPQzjyC950dbK-Nunu8WrIWIkYF7Xv7V3fqHn_UBHyO6TCtieM0ZTv54kydjMOKmO3WgaXpAs4OsgoAUXc2dq2zFbeOWxGzXnAJSzJtqSmqptR9g_p0jnsKYCLswFKe2sBAH4Nr5MpMJMuPG35r-a0kWNRzrP72StFQ2EgNwlvjmarBzw63wQKuOQ71AMCqvkTSOZh68k3ZE-FGWReansClqOLRbjZJ_m1_gE809EOMRNwVZ48NVV_4aFpdoJd_n8kLidN_NcjynRPFuHnDaG_k523lNMX7xyEOPvnZdc65UZWVjcSVcSTkR7-cN4CoiaShkqy1syHM3UwH0ceaGq1FMRaUCTcsXmpzqVGBFKssRhpR_PSsa5M3ksJO6R7y7ADcT-9I6o5GVaLE6Ak5UMvMgX1h4mZ4oMdPk8yXkhHmP1nSOsMOhVozqGfV6TDltdTjnuEHx8B6-DoXA32K4H1efzWDm3H0A_NmqzZ2lXv6idWPTrX9wYSTFm6dEp1ssuYOTH3ERAtWuChGB2dLjkt38vcIA4LcCQ0g55eYnY5DKMV8X8sFvi14LPBMmTNo_ugJFRctk198fYCarvTvZeN0DdrwFuzyGxPTU6R-IDzt3gWLSOpeSwE7RYPdbi_IDtxt3Ctc67C6HYng0TJ4oeSkymjWAjz9CqT63i1uNAxA"",""timestamp"":1709896562170,""version"":""0.2.0""}"
videos/video3.mp4,AVcyOS8t9JJ3tVRJoOHpZkxHB3NdI7YgT9r7Zrj2em4,"{""id"":""AVcyOS8t9JJ3tVRJoOHpZkxHB3NdI7YgT9r7Zrj2em4"",""deadlineHeight"":1379451,""public"":""wZgP9Rpfh0nXb5EdzBUg7y2LFMkBp2ADX3gdZhLXHYbz4srlYD6FUGn6Tt-WsSYj8faUyA7bNKj9zzcXiN-bsMC73e0yoQ05A_5I2QnBAgCTuzXePvUVCvSCOg1vdh07hSjvSBd1XiWDHw2J-Z7m6lG3l56PDSCp8t-s0PduONcsjqOePFejzkaJymJxMYp7d0g0GL1i1MrBAbf5ohIobyTYQz7bRHLLUpdSgiCiHbSBp092cIQnHYXGBeWb-lBEtMT9Am5GsHeVXq4eL8H83NBPIN4fIOtwpl7zzBUeaD5lTc3UcXliMjFuFJurVmNhqsP_osJMceybk3VIjdP0biqLqt_nRupdPwwJGQ09iyGv0wfzMBlx7zTZ9pp77ZBX3cDnYmWt2IR-mIgOStfiEHu5BuwNGBvGt7-tzHJp9e6IOofN10apfiuF9iQEQ3gFVQDZ7owQ_IrCq5yWLP7ePwYoB2e7ZbvCkd4JM8oOgEMZkywTOx3gLASGKS7wqUerdlYacWRukqg5MmkQRbzJIiY23pPwrhQSWon5q91jbImO6vTaHVDZnd2GoMFlePAsceNO1MaLS6GMuY-EAwOtaX-R1QZUpJmCzWfV-77AmBmaPDCR0mm3f7jy-3yYSCMAkti4idHVq5dIhOJnibd_LEfQtkTAQ5MQlE4uoa5lkJs"",""signature"":""h6G0tTLDTIJF4GTeyvIreB6Niu-zNqHButUADfpqWRz62_SgmSmCIdEjlQjNwVQmtYAgBjIYyOFQvpLbLxx-KGymX895lj7-TcPLBa7w7YEOEiWnYwnYzwZ8dJt8hC0RKh8879zz2ZCpZRllgRJb1Lki2LRcSkdVo68agerYxItX6pe_uJLr2Arzg_cWnR_DbSvTIvkRoGzsyCdyfdfvdOf813ds5Ew3os2QyZiaDXWFHA7fFVEA14i32zhj8LAbkV4eamfy5gjtwEqoeNlhfZAHVsn01uljhD7fxKA61U0iY9kjnNAe-jXLw3dLY75p536XamzGjETfeW40dwbgq4G-mI1YTtQjligMnsJlfrQ3NlQdWML7o308RT3jD8nomt8fmw0HF4q9lG6x9x2xAbdv373FNtPnr7tJo83re2nX9xX6ioTXSdn0ZBbgqU2Vuzu_kP5SBnH-selyJU5WkMkPswkIXMgJ_B_d1nTNJx39xPsiLQq5ZGbm0w112ChZLZFwXH44gytzpqHpq66QTgrEfAGLhylscHNmhvJkWADmXC6HlKAkhgJrsrptOmCiHzbr3psybmE-kff9eyoWSZMiKtnLriPefV06Qus3DLMcMfzZheAeixaHAHHHSLY4X34kVfQVWYGXpv1IksdZVDjBiqlhO6TZcJwwoAEkF6E"",""timestamp"":1709896562157,""version"":""0.2.0""}"
videos/video1.mp4,LrJOd3ZTGfyteUdKb9jKmFCTl62a0FputsbN01hjank,"{""id"":""LrJOd3ZTGfyteUdKb9jKmFCTl62a0FputsbN01hjank"",""deadlineHeight"":1379451,""public"":""wZgP9Rpfh0nXb5EdzBUg7y2LFMkBp2ADX3gdZhLXHYbz4srlYD6FUGn6Tt-WsSYj8faUyA7bNKj9zzcXiN-bsMC73e0yoQ05A_5I2QnBAgCTuzXePvUVCvSCOg1vdh07hSjvSBd1XiWDHw2J-Z7m6lG3l56PDSCp8t-s0PduONcsjqOePFejzkaJymJxMYp7d0g0GL1i1MrBAbf5ohIobyTYQz7bRHLLUpdSgiCiHbSBp092cIQnHYXGBeWb-lBEtMT9Am5GsHeVXq4eL8H83NBPIN4fIOtwpl7zzBUeaD5lTc3UcXliMjFuFJurVmNhqsP_osJMceybk3VIjdP0biqLqt_nRupdPwwJGQ09iyGv0wfzMBlx7zTZ9pp77ZBX3cDnYmWt2IR-mIgOStfiEHu5BuwNGBvGt7-tzHJp9e6IOofN10apfiuF9iQEQ3gFVQDZ7owQ_IrCq5yWLP7ePwYoB2e7ZbvCkd4JM8oOgEMZkywTOx3gLASGKS7wqUerdlYacWRukqg5MmkQRbzJIiY23pPwrhQSWon5q91jbImO6vTaHVDZnd2GoMFlePAsceNO1MaLS6GMuY-EAwOtaX-R1QZUpJmCzWfV-77AmBmaPDCR0mm3f7jy-3yYSCMAkti4idHVq5dIhOJnibd_LEfQtkTAQ5MQlE4uoa5lkJs"",""signature"":""SToV6TODmU61kMg_FQt9rDuxklzWu-ck98cssbS5iNeEnxPozHJ77dIHFXEzYO5PR5xKDvrKCiVZNadQ2KWMdUhgcmsGh8p1L80o2rZnrQb7ulX8wYWAvJNMbwAcLaOSBMNLcAw7t6t-ibaMMcorbOAfM9MZRMnLurLbse-g0Sp1IPCOkmLr2iHNw1egyq6_goHVECF6xhEm9KO50gNpwE7SaWoSz8hnpni4t0sqgmxF3fLkLLfYRhJ8cmSquowaVmDzsxArKqBK15zjhIydcjlUJ1CyJ2k0ziM3R6fnUdUy71v2h3rakUeb1LYagH6hqbivu8WlVqRilYPYkJZP4kLXzzH9xd4vvaAzWUWdliSVaT-cOkjkA7KJTs21GQvrfZiaYWhEWFJSVvPq1Uqpjok5yPDg3RMLxtVJqYvVtIIPVoTSUFlHXpC2VfNvCVVWHDcu6TK62DY_zmSr_M2B1EXMPB7C3F2e10FJqViJOeSccAWUFG0-vmUI-3j3dOO5FLCqWL_AZffs0bTmBxWAqK53VzW9QdNa5KQ2gh0CxqQQe1Esuv8fYmaksWxf33W8qJGlN3RONVlirpEh2ewCmrdIzQGdNWApWO_yMfGvpHNtEGBzGJE-qcrI6InwxThbbqprL00qbW6I0DpOfqPj48pR_C6HX-tzANseVVVLF-Y"",""timestamp"":1709896562216,""version"":""0.2.0""}"
images/marketplace_preview.png,lUSQkhSUNKaHS9byBiVmx2XIm6hHFoRyBacWuTqwglE,"{""id"":""lUSQkhSUNKaHS9byBiVmx2XIm6hHFoRyBacWuTqwglE"",""deadlineHeight"":1379451,""public"":""wZgP9Rpfh0nXb5EdzBUg7y2LFMkBp2ADX3gdZhLXHYbz4srlYD6FUGn6Tt-WsSYj8faUyA7bNKj9zzcXiN-bsMC73e0yoQ05A_5I2QnBAgCTuzXePvUVCvSCOg1vdh07hSjvSBd1XiWDHw2J-Z7m6lG3l56PDSCp8t-s0PduONcsjqOePFejzkaJymJxMYp7d0g0GL1i1MrBAbf5ohIobyTYQz7bRHLLUpdSgiCiHbSBp092cIQnHYXGBeWb-lBEtMT9Am5GsHeVXq4eL8H83NBPIN4fIOtwpl7zzBUeaD5lTc3UcXliMjFuFJurVmNhqsP_osJMceybk3VIjdP0biqLqt_nRupdPwwJGQ09iyGv0wfzMBlx7zTZ9pp77ZBX3cDnYmWt2IR-mIgOStfiEHu5BuwNGBvGt7-tzHJp9e6IOofN10apfiuF9iQEQ3gFVQDZ7owQ_IrCq5yWLP7ePwYoB2e7ZbvCkd4JM8oOgEMZkywTOx3gLASGKS7wqUerdlYacWRukqg5MmkQRbzJIiY23pPwrhQSWon5q91jbImO6vTaHVDZnd2GoMFlePAsceNO1MaLS6GMuY-EAwOtaX-R1QZUpJmCzWfV-77AmBmaPDCR0mm3f7jy-3yYSCMAkti4idHVq5dIhOJnibd_LEfQtkTAQ5MQlE4uoa5lkJs"",""signature"":""Rqgr5Yy-Z_3rnd8Nau_3aQtBxkby7ln3DSAWUENWzbq-8QAr9OEMt4OOK_7OaPOJRXXrDfl5Za6jaWQIat5gIMsYuZqqiZ5g0zsq7tCdTrNevZMTqGS2Tmv44DqIh4rX5OIg4Aoi_R_wN9-yvvuZ4zMdpIA505TIe-yAYwNuYO2oUmX7Q0MvA_fDxE-XRaplLS9VLOhvCId4C0LQ0G2Zv-Fl3CS19ew_OkcEkX1FfrNmaarItYXD3ZQROyB7dbsEO1Tp7Rrvgwczy7yb151DsIZcvukFPZSYW2q6zX6vtCZVkrum8R3O_NYTh8Nz0pjFEguPidTVtafAIQvariwdEgu6Rj0Ye2v5Mz8iONARZmmg3wKKXx2pAjckEogLyuEfnDh7H5NESMo7UReoubWIyRDhxZuiccrhE_5LLoSs2YkjATBa693OC5F3QAKevXJhltIZk3PWxDn38ChYoQu73bnhW5q4rVdAjfUN3bzgDe-Datfkf3gDMP87PoCN1hu_6C3nCO68U01c3EXBI5XuQpSkSW95yFHstU4xWK8v4uc1_9_LFD3reQlWXrxdsinlckovWb-iodBJO9LYrUrze0uLzLxjh7n-kdrGJ0ZNzjdzasLb0unM58G7ExX00YvktpW28DljmV4Jsdizc5DXhkDACvrsBGI38gKDmXL_7X0"",""timestamp"":1709896562398,""version"":""0.2.0""}"
images/stampShow.png,QiBFK5eSxjEM9Fialt2r3yQY0TCSlOeVgl0OsJHXYUI,"{""id"":""QiBFK5eSxjEM9Fialt2r3yQY0TCSlOeVgl0OsJHXYUI"",""deadlineHeight"":1379451,""public"":""wZgP9Rpfh0nXb5EdzBUg7y2LFMkBp2ADX3gdZhLXHYbz4srlYD6FUGn6Tt-WsSYj8faUyA7bNKj9zzcXiN-bsMC73e0yoQ05A_5I2QnBAgCTuzXePvUVCvSCOg1vdh07hSjvSBd1XiWDHw2J-Z7m6lG3l56PDSCp8t-s0PduONcsjqOePFejzkaJymJxMYp7d0g0GL1i1MrBAbf5ohIobyTYQz7bRHLLUpdSgiCiHbSBp092cIQnHYXGBeWb-lBEtMT9Am5GsHeVXq4eL8H83NBPIN4fIOtwpl7zzBUeaD5lTc3UcXliMjFuFJurVmNhqsP_osJMceybk3VIjdP0biqLqt_nRupdPwwJGQ09iyGv0wfzMBlx7zTZ9pp77ZBX3cDnYmWt2IR-mIgOStfiEHu5BuwNGBvGt7-tzHJp9e6IOofN10apfiuF9iQEQ3gFVQDZ7owQ_IrCq5yWLP7ePwYoB2e7ZbvCkd4JM8oOgEMZkywTOx3gLASGKS7wqUerdlYacWRukqg5MmkQRbzJIiY23pPwrhQSWon5q91jbImO6vTaHVDZnd2GoMFlePAsceNO1MaLS6GMuY-EAwOtaX-R1QZUpJmCzWfV-77AmBmaPDCR0mm3f7jy-3yYSCMAkti4idHVq5dIhOJnibd_LEfQtkTAQ5MQlE4uoa5lkJs"",""signature"":""WnAfcBnNA1IKcNWKVYoHzmw5nri94LtuGtnjrY51TFQU97ZTvUdqyqdTaPcVLRspnKVWp7m5lBwQJSuR7xYrBoFTzU1-R2jKk8T2_0yo3b5rbqZnVBiwow4QLeb2ctxfxDWQcwetp1b6e-Z1UKmBD9m1EYnuvf1vRo4X7aEsNO_puPRSo_GQxbe0v_-POU0JaInk-RC2k0gJ-vmSs7Z6XYyXGL2e3ysGcUgShiXG7ffZll2PWl36mNKDuXhH_KjOBUU4ww-2XtV8BfXlM8CE9WDAK8rhRYS9_mRKxHqj-o816YpPKoS7czlGL3rQSneBx3QoDOW77t2H9PI_gnNKc4vnmdAKXcsbT9fvfoS-b1k40kIpyik6M1OPxZl6E-tQDbMGVEO6LPyEe5RVxU_icXIbuE-HkCixJ_EuN_d-xK3ljXOuUwyzOZGMLZfp91iordckmzt9Y9cl1LJBj3FW29jw_GyeSnpL3DpziluiiyzvjOYblpE9RQadnypDX_4K5PWQttFnHaQrr9BvYaXEHZQEUhkJJd8E2lqbpxjlvhJf2yN73xgd3WW_IhflNR_wFNmEl5HHVRG2oi-rgoC-BSygCBFYJ8XF1gWT4Mtl7l_gIlabe03wjuv2Bd6LvyFHYPrL2mx5WfpVZj1te9QEgUkOtOu8j2QRjBJLXPDpV0g"",""timestamp"":1709896562502,""version"":""0.2.0""}"
